,cpi_fah,rdi_adj,home_price,grocery_sales_lag1,covid1,covid2,grocery_sales,grocery_sales_fcst,grocery_sales_se_obs,lower_bound,upper_bound,Actual YOY %,Forecast YOY %,Actual YOY Change,Forecast YOY Change
2007-01-01,195.918,11956.6,182.718,40153.0,0,0,40253.0,40297.157336566066,569.5408296373583,39180.857310476844,41413.45736265529,,,,
2007-02-01,197.735,11996.0,182.471,40253.0,0,0,40646.0,40514.68260567819,568.2339372893063,39400.944088591146,41628.42112276523,,,,
2007-03-01,198.816,12035.1,182.193,40646.0,0,0,40572.0,40843.51545229209,567.3463773766417,39731.516552633875,41955.51435195031,,,,
2007-04-01,199.25,12052.8,182.131,40572.0,0,0,40416.0,40851.43228848687,567.0408541249716,39740.03221440192,41962.83236257181,,,,
2007-05-01,200.237,12059.9,181.885,40416.0,0,0,40740.0,40835.69718739992,566.630406423109,39725.10159081063,41946.292783989215,,,,
2007-06-01,201.151,12053.3,181.54,40740.0,0,0,40870.0,41060.98922651508,565.9406513151058,39951.74554993747,42170.232903092685,,,,
2007-07-01,201.596,12066.4,180.993,40870.0,0,0,41044.0,41168.856557715066,565.4512585060655,40060.57209104318,42277.141024386954,,,,
2007-08-01,202.338,12070.9,180.234,41044.0,0,0,40954.0,41307.21507493941,564.8029542579952,40200.20128459374,42414.228865285084,,,,
2007-09-01,203.3,12089.6,179.122,40954.0,0,0,41095.0,41326.55867421951,564.0750830205991,40220.971511499134,42432.14583693988,,,,
2007-10-01,204.081,12080.4,177.52900000000002,41095.0,0,0,41379.0,41420.69800182205,563.2261602545793,40316.774727723074,42524.621275921025,,,,
2007-11-01,205.119,12070.1,175.16099999999997,41379.0,0,0,41868.0,41597.29849047567,562.0659834862283,40495.64916284266,42698.947818108674,,,,
2007-12-01,205.503,12120.5,173.33700000000002,41868.0,0,0,41998.0,41922.59849471032,561.2199772409366,40822.607339318085,43022.589650102556,,,,
2008-01-01,207.1,12137.1,171.076,41998.0,0,0,42159.0,42084.82758495493,559.9879473816609,40987.25120808688,43182.40396182299,4.735050803666807,4.43621924360087,1906.0,1787.6702483888657
2008-02-01,207.854,12141.8,169.19,42159.0,0,0,42016.0,42200.03366008684,559.3194709010426,41103.767497120796,43296.29982305288,3.3705653692860382,4.15985254237794,1370.0,1685.351054408653
2008-03-01,208.093,12145.9,167.90200000000002,42016.0,0,0,42168.0,42122.68852516443,558.8949497848021,41027.254423586215,43218.12262674264,3.9337474120082705,3.131887788568277,1596.0,1279.1730728723342
2008-04-01,210.897,12100.8,167.321,42168.0,0,0,42584.0,42329.83080803846,558.2679506116026,41235.62562483972,43424.0359912372,5.364212193190809,3.618963734518177,2168.0,1478.3985195515925
2008-05-01,211.8,12696.2,167.019,42584.0,0,0,42549.0,43311.81944132124,557.6768637065396,42218.77278845642,44404.86609418606,4.440353460972024,6.063621841836309,1809.0,2476.1222539213195
2008-06-01,213.331,12376.6,166.53599999999997,42549.0,0,0,42683.0,43011.58484494213,557.0692262500991,41919.72916149194,44103.440528392326,4.4360166381208765,4.750483744233458,1813.0,1950.5956184270544
2008-07-01,216.028,12188.7,165.713,42683.0,0,0,42899.0,43030.57551199724,557.0053123422681,41938.84509980639,44122.305924188084,4.519540005847378,4.522153661645212,1855.0,1861.7189542821725
2008-08-01,217.449,12120.6,164.27700000000002,42899.0,0,0,43063.0,43141.46884513057,556.7764455687396,42050.18701181584,44232.7506784453,5.149680128925138,4.440516667278249,2109.0,1834.253770191157
2008-09-01,218.757,12149.0,161.912,43063.0,0,0,42834.0,43315.51711018106,556.2738239320518,42225.22041527424,44405.813805087884,4.231658352597645,4.812785046150747,1739.0,1988.9584359615546
2008-10-01,219.532,12240.5,159.162,42834.0,0,0,42768.0,43306.84695488819,556.1834905572308,42216.72731339602,44396.96659638036,3.3567751758138087,4.553638745979538,1389.0,1886.148953066142
2008-11-01,219.662,12345.9,156.071,42768.0,0,0,42496.0,43356.12877789497,556.0638198504106,42266.243690988165,44446.013864801775,1.499952230820667,4.228232003628829,628.0,1758.8302874193032
2008-12-01,219.163,12288.8,152.54399999999998,42496.0,0,0,42136.0,43053.518057148736,555.9200074428395,41963.91484256077,44143.1212717367,0.3285870755750375,2.6976370813014183,138.0,1130.9195624384156
2009-01-01,218.953,12361.5,149.361,42136.0,0,0,42771.0,42879.212111221634,556.6305753485091,41788.216183538556,43970.20803890471,1.4516473350886017,1.8875793768267535,612.0,794.3845262667019
2009-02-01,217.93,12241.9,147.61700000000002,42771.0,0,0,42101.0,42993.3553745655,554.8133421634591,41905.92122392512,44080.78952520588,0.20230388423456702,1.879907776540457,85.0,793.3217144786613
2009-03-01,216.949,12242.7,146.514,42101.0,0,0,42069.0,42545.04092690682,555.3166175939364,41456.6203564227,43633.461497390934,-0.23477518497438954,1.0026719958534436,-99.0,422.3524017423915
2009-04-01,215.807,12320.0,146.942,42069.0,0,0,42288.0,42549.12455057746,555.2567930545833,41460.82123619047,43637.42786496444,-0.6950967499530392,0.5180595772600105,-296.0,219.29374253899732
2009-05-01,215.064,12500.1,148.16899999999998,42288.0,0,0,42300.0,42850.03595318426,555.2945678737568,41761.6586001517,43938.413306216826,-0.5852076429528341,-1.066183536257581,-249.0,-461.7834881369781
2009-06-01,214.953,12273.2,149.796,42300.0,0,0,42530.0,42607.68450937632,555.0005687682419,41519.883394590564,43695.48562416207,-0.35845652836024033,-0.9390501117824024,-153.0,-403.9003355658133
2009-07-01,214.047,12218.7,150.748,42530.0,0,0,42480.0,42624.454815158584,555.0379273609962,41536.58047753103,43712.32915278614,-0.9767127438867984,-0.9437956429967476,-419.0,-406.1206968386541
2009-08-01,213.769,12194.8,150.668,42480.0,0,0,42401.0,42549.38073538264,555.1206896247726,41461.34418371809,43637.417287047196,-1.5372825859786832,-1.372433822022634,-662.0,-592.0881097479287
2009-09-01,213.299,12230.6,149.628,42401.0,0,0,42691.0,42501.21617303181,554.9831508571033,41413.44919735189,43588.98314871173,-0.333846944016436,-1.8799289295748811,-143.0,-814.3009371492517
2009-10-01,213.472,12193.2,148.585,42691.0,0,0,42763.0,42612.15469996579,555.1388880174235,41524.08247945164,43700.22692047994,-0.011690983913204,-1.6041164475586234,-5.0,-694.6922549224037
2009-11-01,213.383,12224.4,147.94,42763.0,0,0,42808.0,42672.631956667996,555.0520383865548,41584.72996143035,43760.53395190564,0.7341867469879526,-1.5764710560954298,312.0,-683.4968212269741
2009-12-01,213.839,12280.2,146.666,42808.0,0,0,43192.0,42773.679285038386,554.7484773689761,41686.37226939519,43860.98630068158,2.5061704955382513,-0.6499788745228607,1056.0,-279.83877211034996
2010-01-01,214.738,12285.8,145.003,43192.0,0,0,43028.0,43025.28580338143,554.8760286304523,41937.72878726574,44112.84281949711,0.6008744242594233,0.3406631907808988,257.0,146.0736921597927
2010-02-01,214.728,12292.0,143.054,43028.0,0,0,43735.0,42912.41574908342,554.702389896237,41825.199064886794,43999.63243328004,3.8811429657252816,-0.1882607783852186,1634.0,-80.93962548208219
2010-03-01,215.55,12340.3,143.596,43735.0,0,0,43304.0,43419.64168424736,555.2117743100209,42331.42660659972,44507.856761895004,2.935653331431687,2.055705525922802,1235.0,874.6007573405441
2010-04-01,215.721,12447.1,145.40200000000002,43304.0,0,0,43186.0,43347.03294873803,554.289681089217,42260.625173803164,44433.440723672895,2.1235338630344325,1.875263960395035,898.0,797.9083981605727
2010-05-01,215.717,12540.3,147.037,43186.0,0,0,43224.0,43416.084526112856,554.262003703201,42329.73099885458,44502.43805337113,2.184397163120577,1.3209990618141543,924.0,566.0485729285938
2010-06-01,215.476,12544.3,147.703,43224.0,0,0,42920.0,43435.76837234956,554.2573496397343,42349.42396705568,44522.11277764344,0.9169997648718509,1.9435082485907085,390.0,828.0838629732389
2010-07-01,215.451,12554.2,147.563,42920.0,0,0,43052.0,43276.776640301054,554.4933865619191,42189.96960263969,44363.583677962415,1.3465160075329496,1.5303933574547068,572.0,652.3218251424696
2010-08-01,215.361,12591.4,146.42700000000002,43052.0,0,0,43258.0,43369.72877155777,554.3671669656018,42283.16912430519,44456.28841881035,2.021178745784291,1.9279905418058352,857.0,820.3480361751281
2010-09-01,216.166,12589.9,144.608,43258.0,0,0,43646.0,43506.74289263534,554.2323540535201,42420.44747869044,44593.03830658024,2.2370054578248366,2.3658775210332994,955.0,1005.5267196035275
2010-10-01,216.534,12592.5,143.128,43646.0,0,0,43493.0,43724.678549908764,554.1504646695029,42638.54363915654,44810.81346066099,1.7070832261534497,2.6108134117514448,730.0,1112.523849942976
2010-11-01,217.105,12605.1,141.816,43493.0,0,0,44121.0,43673.40954033006,554.2107923038685,42587.15638741448,44759.66269324564,3.0671837039805583,2.3452445695834045,1313.0,1000.777583662064
2010-12-01,217.419,12680.6,140.625,44121.0,0,0,44184.0,44109.38643119594,554.287743110087,43022.98245470017,45195.79040769171,2.296721615113917,3.122731475252749,992.0,1335.7071461575542
2011-01-01,219.251,12740.1,139.032,44184.0,0,0,44639.0,44310.821202569205,554.4011458033032,43224.19495679473,45397.44744834368,3.7440736264757746,2.987860220295735,1611.0,1285.5353991877782
2011-02-01,220.732,12776.6,137.727,44639.0,0,0,44961.0,44681.54719324371,554.6320052636938,43594.46846292687,45768.62592356055,2.8032468274837186,4.122656376431277,1226.0,1769.131444160288
2011-03-01,223.193,12742.7,137.781,44961.0,0,0,45068.0,44982.04848644426,554.8729375309505,43894.4975288836,46069.599444004925,4.073526694993523,3.598387139071524,1764.0,1562.4068021968997
2011-04-01,224.098,12721.3,139.156,45068.0,0,0,45769.0,45096.306946556026,554.8416565999198,44008.81729962018,46183.79659349187,5.9811049877275035,4.035510342511062,2583.0,1749.2739978179961
2011-05-01,225.295,12705.3,140.692,45769.0,0,0,45365.0,45564.6342282948,555.1999313840682,44476.44236278203,46652.82609380758,4.953266703683146,4.9487412916972895,2141.0,2148.5497021819465
2011-06-01,225.857,12756.9,141.944,45365.0,0,0,45791.0,45459.55781489838,554.8007704310628,44372.148304853494,46546.96732494326,6.689189189189193,4.659269349629214,2871.0,2023.7894425488194
2011-07-01,227.178,12805.6,142.342,45791.0,0,0,45797.0,45843.85970978102,554.9494312879688,44756.1588244566,46931.56059510544,6.376010406020627,5.9317797413992235,2745.0,2567.083069479966
2011-08-01,228.492,12799.7,141.784,45797.0,0,0,46034.0,45918.683606015446,555.2858913439306,44830.32325898134,47007.04395304955,6.417310092930784,5.877267178413392,2776.0,2548.954834457676
2011-09-01,229.927,12781.7,140.165,46034.0,0,0,45887.0,46098.03843154474,555.7984352544439,45008.67349844603,47187.40336464345,5.1344911332080745,5.956077993023112,2241.0,2591.2955389093986
2011-10-01,229.992,12791.9,138.405,45887.0,0,0,46001.0,46007.00926237908,556.0944482043814,44917.06414389849,47096.954380859665,5.766445175085644,5.219776995879322,2508.0,2282.3307124703133
2011-11-01,229.947,12782.7,136.66,46001.0,0,0,46138.0,46029.409617350924,556.3237749563588,44939.01501843646,47119.80421626539,4.57151923120509,5.394587008017382,2017.0,2356.0000770208644
2011-12-01,230.424,12898.5,135.162,46138.0,0,0,46078.0,46249.341141136436,556.7474391432834,45158.1161604156,47340.56612185727,4.286619590802099,4.851472403223078,1894.0,2139.9547099404954
2012-01-01,230.948,12967.5,134.162,46078.0,0,0,46248.0,46316.89191187233,557.2907571055111,45224.602027945526,47409.18179579913,3.604471426331246,4.52727043837049,1609.0,2006.0707093031233
2012-02-01,230.612,13029.6,133.991,46248.0,0,0,46353.0,46458.24019133202,557.2346872014294,45366.06020441722,47550.42017824682,3.0960165476746404,3.976346186948887,1392.0,1776.6929980883142
2012-03-01,231.051,13066.4,135.859,46353.0,0,0,46800.0,46616.32378585653,557.1080421103553,45524.39202332024,47708.25554839283,3.8430815656341544,3.6331722418216916,1732.0,1634.2752994122711
2012-04-01,231.397,13116.5,138.466,46800.0,0,0,46879.0,46982.729382876736,556.6021319127982,45891.78920432765,48073.66956142582,2.425222312045272,4.1830973843519415,1110.0,1886.4224363207104
2012-05-01,231.32,13112.5,141.043,46879.0,0,0,46873.0,47055.277822116775,556.1025329984975,45965.31685743972,48145.23878679383,3.3241485726881903,3.271492505247209,1508.0,1490.643593821973
2012-06-01,231.713,13097.2,143.166,46873.0,0,0,46889.0,47092.134150928905,555.8885963862887,46002.59250201178,48181.67579984603,2.3978511061125474,3.5912719227891188,1098.0,1632.5763360305282
2012-07-01,231.658,12999.8,144.281,46889.0,0,0,46910.0,46999.87011600635,555.5736540842153,45910.94575400129,48088.79447801141,2.4302901936808174,2.5216253900600227,1113.0,1156.0104062253304
2012-08-01,231.853,12961.6,144.704,46910.0,0,0,47059.0,46985.8707065213,555.5516689571774,45896.989435365234,48074.75197767737,2.2266151105704513,2.3240803452955427,1025.0,1067.1871005058565
2012-09-01,231.789,13053.1,144.355,47059.0,0,0,47131.0,47165.481755230656,555.5914871392592,46076.52244043771,48254.441070023604,2.711007474883953,2.3155938083375682,1244.0,1067.4433236859186
2012-10-01,232.398,13142.0,143.96200000000002,47131.0,0,0,47402.0,47343.62368813066,555.9288838542875,46254.00307577626,48433.244300485065,3.0455859655224904,2.9052408473866143,1401.0,1336.6144257515843
2012-11-01,232.883,13315.7,143.953,47402.0,0,0,47310.0,47728.0752755642,556.4137825304061,46637.504261804606,48818.6462893238,2.540205470544876,3.690392017483024,1172.0,1698.6656582132782
2012-12-01,233.374,13642.7,143.86,47310.0,0,0,47142.0,48092.29381542247,559.2237572043034,46996.215251302034,49188.3723795429,2.309128000347238,3.9848193051269742,1064.0,1842.9526742860326
2013-01-01,233.696,12845.5,144.305,47142.0,0,0,47236.0,47092.8211047947,556.1769312926897,46002.714319461025,48182.92789012837,2.1363085971285223,1.67526179087909,988.0,775.9291929223691
2013-02-01,233.526,12813.9,145.157,47236.0,0,0,47729.0,47108.97937642971,556.135388240282,46018.954015478754,48199.00473738066,2.9685241516191008,1.4006970182635081,1376.0,650.7391850976855
2013-03-01,233.58,12852.1,147.957,47729.0,0,0,47625.0,47470.278077299285,556.0541568650385,46380.41192984381,48560.14422475476,1.7628205128205066,1.8318782394030064,825.0,853.9542914427511
2013-04-01,233.776,12893.4,150.967,47625.0,0,0,47307.0,47520.1453099043,555.3971623399441,46431.56687171801,48608.72374809059,0.912988758292621,1.1438584647732952,428.0,537.4159270275632
2013-05-01,233.184,12954.2,153.857,47307.0,0,0,47799.0,47421.52237507318,554.8241702110429,46334.06700145954,48508.977748686826,1.9755509568408325,0.7783283191758361,926.0,366.24455295640655
2013-06-01,233.809,12955.7,156.423,47799.0,0,0,47745.0,47773.43491322411,554.7443302071399,46686.13602601812,48860.733800430105,1.825588091023489,1.4467400439140299,856.0,681.3007622952064
2013-07-01,233.893,12941.8,158.281,47745.0,0,0,48053.0,47761.14929188035,554.6325375297059,46674.069518322125,48848.22906543857,2.4365806864208084,1.6197474035459791,1143.0,761.2791758739986
2013-08-01,234.073,12969.6,159.388,48053.0,0,0,48182.0,47991.44305737847,554.60413460956,46904.41895354373,49078.46716121321,2.3863660511272977,2.1401590217154487,1123.0,1005.5723508571682
2013-09-01,234.04,13027.5,159.668,48182.0,0,0,48291.0,48132.221360703785,554.4725045688934,47045.455251748754,49218.987469658816,2.46122509600899,2.0496760967906758,1160.0,966.7396054731289
2013-10-01,234.219,12974.6,159.554,48291.0,0,0,48444.0,48140.08976288301,554.7508000313929,47052.77819482148,49227.40133094454,2.1982194844099467,1.6823090686909792,1042.0,796.4660747523521
2013-11-01,234.144,12998.9,159.364,48444.0,0,0,48492.0,48244.73254502601,554.8178342342406,47157.2895899269,49332.17550012512,2.4984147114774924,1.082501790568391,1182.0,516.657269461808
2013-12-01,234.318,13019.1,159.281,48492.0,0,0,48938.0,48305.025271646395,554.7931035668162,47217.630788655435,49392.419754637354,3.809766238174017,0.4423400078199302,1796.0,212.73145622392622
2014-01-01,234.722,13079.5,159.368,48938.0,0,0,49128.0,48648.686058900515,555.0730844389716,47560.74281340013,49736.6293044009,4.00541959522398,3.3038261832808447,1892.0,1555.8649541058185
2014-02-01,235.781,13148.0,159.869,49128.0,0,0,49211.0,48910.932709295426,554.9289690370011,47823.271929982904,49998.59348860795,3.1050304846110377,3.825074023504116,1482.0,1801.9533328657199
2014-03-01,237.055,13219.9,161.185,49211.0,0,0,49195.0,49144.991246142105,554.6946882003257,48057.789657269466,50232.19283501474,3.2965879265091758,3.52791944069879,1570.0,1674.7131688428199
2014-04-01,237.942,13270.2,162.964,49195.0,0,0,49591.0,49280.78781911107,554.5918107123503,48193.787870114866,50367.78776810728,4.828038133891388,3.705044455829598,2284.0,1760.642509206773
2014-05-01,239.611,13312.9,164.678,49591.0,0,0,49770.0,49684.50391621007,554.7544866206352,48597.18512243363,50771.82270998652,4.123517228393903,4.772055867878278,1971.0,2262.981541136891
2014-06-01,239.682,13360.4,166.207,49770.0,0,0,50096.0,49866.28962541317,554.571645591067,48779.32920005468,50953.25005077166,4.92407581945753,4.380791785205584,2351.0,2092.854712189059
2014-07-01,240.154,13386.8,167.13099999999997,50096.0,0,0,50369.0,50121.36095170843,554.559977292663,49034.423396214814,51208.29850720205,4.819678271908101,4.941697791659583,2316.0,2360.2116598280845
2014-08-01,240.692,13445.9,167.446,50369.0,0,0,50507.0,50380.863523883374,554.5895962987353,49293.86791513785,51467.859132628895,4.8254534888547695,4.9788468824496945,2325.0,2389.4204665049037
2014-09-01,241.328,13486.3,167.236,50507.0,0,0,50727.0,50542.87821741298,554.706799065719,49455.65289124417,51630.10354358179,5.044418214574153,5.008405572316499,2436.0,2410.6568567091963
2014-10-01,241.62,13550.7,166.90400000000002,50727.0,0,0,50941.0,50753.45866460686,554.7680686015267,49666.113250147864,51840.80407906585,5.1544050862851964,5.4286747585975625,2497.0,2613.368901723843
2014-11-01,241.912,13624.4,166.65200000000002,50941.0,0,0,50964.0,50972.8673489939,554.8362001828518,49885.38839663551,52060.34630135229,5.097748082157882,5.6547827297452,2472.0,2728.1348039678924
2014-12-01,242.893,13719.1,166.454,50964.0,0,0,51141.0,51158.471978115966,555.1622140108298,50070.35403865474,52246.58991757719,4.501614287465783,5.907142560060841,2203.0,2853.446706469571
2015-01-01,242.553,13797.7,166.24200000000002,51141.0,0,0,51235.0,51322.13550008128,555.1167129748026,50234.10674265066,52410.16425751189,4.288796612929491,5.495419625401454,2107.0,2673.449441180761
2015-02-01,242.598,13848.0,166.623,51235.0,0,0,51322.0,51441.474867024306,555.1278426457801,50353.42429543858,52529.525438610035,4.289691329174361,5.173776122343199,2111.0,2530.54215772888
2015-03-01,241.633,13811.3,168.081,51322.0,0,0,51273.0,51404.40170404993,554.6167275912161,50317.35291797115,52491.450490128715,4.224006504726097,4.597437908965318,2078.0,2259.4104579078266
2015-04-01,241.106,13842.0,169.965,51273.0,0,0,51136.0,51407.17475761365,554.3060370736403,50320.73492494931,52493.61459027798,3.1154846645560674,4.314839580705665,1545.0,2126.3869385025755
2015-05-01,241.107,13865.6,171.84599999999998,51136.0,0,0,51191.0,51388.19382140113,554.2129984817788,50301.936344376845,52474.45129842542,2.855133614627281,3.4290166367852315,1421.0,1703.6899051910586
2015-06-01,241.922,13874.1,173.446,51191.0,0,0,51404.0,51506.4457103381,554.3000406357183,50420.01763069209,52592.87378998411,2.610986905142121,3.2891079269091295,1308.0,1640.156084924929
2015-07-01,242.25,13905.7,174.491,51404.0,0,0,51572.0,51697.91078587817,554.2073206351957,50611.66443743319,52784.157134323155,2.3883738013460665,3.1454649359755615,1203.0,1576.5498341697385
2015-08-01,242.864,13935.8,174.93,51572.0,0,0,51526.0,51872.66677679605,554.2894123863575,50786.25952851879,52959.074025073314,2.017542122874061,2.9610513765915947,1019.0,1491.8032529126795
2015-09-01,243.198,13972.2,175.03400000000002,51526.0,0,0,51419.0,51913.78739481286,554.5603802590505,50826.84904950512,53000.7257401206,1.3641650403138472,2.7123686377788836,692.0,1370.9091773998807
2015-10-01,243.284,13996.9,175.03799999999998,51419.0,0,0,51280.0,51889.791852455295,554.8533284010662,50802.279328789205,52977.304376121385,0.6654757464517713,2.2389275878864634,339.0,1136.3331878484387
2015-11-01,242.606,13993.4,175.128,51280.0,0,0,51596.0,51765.928065077394,554.7703312018192,50678.57821592183,52853.27791423296,1.2400910446589641,1.5558487433199986,632.0,793.0607160834916
2015-12-01,241.88,14060.2,175.1,51596.0,0,0,51376.0,51969.28842018061,554.3332007875468,50882.795346637016,53055.7814937242,0.45951389296259304,1.5849113757961497,235.0,810.8164420646426
2016-01-01,241.558,14121.1,175.021,51376.0,0,0,51598.0,51897.51320116035,554.8336147598984,50810.03931623095,52984.98708608975,0.708500048794769,1.1211102099953685,363.0,575.3777010790727
2016-02-01,241.741,14135.3,175.267,51598.0,0,0,51578.0,52051.829556535704,554.6008806063676,50964.81183054722,53138.847282524184,0.498811425899226,1.186503091307478,256.0,610.3546895113977
2016-03-01,240.414,14135.4,176.59099999999998,51578.0,0,0,51172.0,51973.24399696194,554.1041464220422,50887.199869974735,53059.28812394914,-0.19698476781151442,1.1066023026335303,-101.0,568.8422929120061
2016-04-01,240.341,14106.2,178.488,51172.0,0,0,51832.0,51740.03720333071,554.4833877856908,50653.24976327075,52826.82464339066,1.3610763454317887,0.6475019241701574,696.0,332.862445717059
2016-05-01,239.348,14095.5,180.337,51832.0,0,0,51957.0,52051.99417515424,553.3378927699789,50967.451905325084,53136.5364449834,1.496356781465491,1.2917370788709581,766.0,663.8003537531113
2016-06-01,238.763,14104.9,181.907,51957.0,0,0,52276.0,52116.68427553395,553.1854222201181,51032.44084798252,53200.927703085385,1.6963660415531878,1.184780966304122,872.0,610.2385651958539
2016-07-01,238.38,14160.1,183.008,52276.0,0,0,51976.0,52347.8401593661,553.1932802028604,51263.58133016849,53432.0989885637,0.7833708213759394,1.2571675791306136,404.0,649.9293734879247
2016-08-01,238.133,14176.7,183.645,51976.0,0,0,52212.0,52195.976059948756,553.17233646356,51111.75828048018,53280.193839417334,1.331366688662028,0.6232748444260139,686.0,323.30928315270285
2016-09-01,237.88,14209.1,183.933,52212.0,0,0,52510.0,52351.13158718962,553.1723334339069,51266.913813659165,53435.34936072008,2.121783776425046,0.8424432396940906,1091.0,437.3441923767605
2016-10-01,237.714,14235.4,184.006,52510.0,0,0,52818.0,52535.657424746896,553.2875477621186,51451.213831133144,53620.10101836065,2.9992199687987497,1.2446871518160485,1538.0,645.865572291601
2016-11-01,237.438,14273.6,184.217,52818.0,0,0,52834.0,52734.44584915049,553.5469031611924,51649.493918954555,53819.39777934643,2.399410807039315,1.8709560907621103,1238.0,968.5177840730976
2016-12-01,237.147,14313.7,184.389,52834.0,0,0,53210.0,52773.63128017975,553.5686236544763,51688.63677781697,53858.62578254252,3.569760199314853,1.5477272913492435,1834.0,804.3428599991385
2017-01-01,237.072,14373.7,184.642,53210.0,0,0,53316.0,53049.24178075751,553.9607605609231,51963.4786900581,54135.00487145692,3.329586418078212,2.219236546331116,1718.0,1151.728579597162
2017-02-01,237.824,14416.8,185.01,53316.0,0,0,53687.0,53213.275854023515,553.8306586676132,52127.76776303499,54298.78394501204,4.088952654232414,2.23132655928322,2109.0,1161.4462974878115
2017-03-01,238.387,14476.3,186.518,53687.0,0,0,54117.0,53546.728041976334,553.9682532673545,52460.95026557232,54632.50581838035,5.7551004455561605,3.027488615308238,2945.0,1573.4840450143965
2017-04-01,238.568,14509.3,188.531,54117.0,0,0,54199.0,53863.84613522744,554.3466882700864,52777.32662621807,54950.36564423681,4.566676956320426,4.104768853471197,2367.0,2123.8089318967322
2017-05-01,238.893,14610.7,190.526,54199.0,0,0,54318.0,54079.48010633437,554.0038994925992,52993.632463328875,55165.327749339864,4.544142271493734,3.895116725706349,2361.0,2027.4859311801265
2017-06-01,238.494,14618.7,192.252,54318.0,0,0,54152.0,54153.89434505408,554.1320791162175,53067.7954699863,55239.99322012187,3.588644884841985,3.908940290118368,1876.0,2037.2100695201298
2017-07-01,238.904,14660.2,193.496,54152.0,0,0,54139.0,54157.41074362055,553.7033595939276,53072.152158816454,55242.66932842465,4.1615360935816526,3.456819954262591,2163.0,1809.5705842544558
2017-08-01,238.804,14678.3,194.33,54139.0,0,0,54430.0,54177.513380679025,553.6735506213889,53092.3132214611,55262.71353989695,4.248065578794158,3.7963411555986815,2218.0,1981.5373207302691
2017-09-01,238.852,14706.0,194.801,54430.0,0,0,55012.0,54380.011516961065,553.9012946650436,53294.36497941758,55465.65805450455,4.764806703485047,3.875522588069358,2502.0,2028.8799297714431
2017-10-01,239.02,14748.6,195.068,55012.0,0,0,55200.0,54764.54215262907,554.6673796669467,53677.39408848185,55851.69021677628,4.50982619561513,4.242613183388566,2382.0,2228.8847278821704
2017-11-01,238.94,14771.1,195.435,55200.0,0,0,55239.0,54894.375350487644,555.0060731594664,53806.56344709509,55982.1872538802,4.551993034788215,4.095860810817542,2405.0,2159.929501337152
2017-12-01,239.371,14797.9,195.832,55239.0,0,0,55885.0,54981.72736672077,554.7913353692134,53894.33634939711,56069.11838404443,5.0272505168201365,4.1840897299980195,2675.0,2208.0960865410234
2018-01-01,239.854,14886.6,196.101,55885.0,0,0,55336.0,55476.32798535854,555.8100632170881,54386.94026145305,56565.715709264034,3.7887313376847365,4.575157199478408,2020.0,2427.0862046010297
2018-02-01,239.187,14921.1,196.891,55336.0,0,0,55555.0,55183.353012921885,554.755210481863,54096.032800377434,56270.67322546634,3.4794270493788026,3.70222867748784,1868.0,1970.0771588983698
2018-03-01,239.149,14974.8,198.558,55555.0,0,0,55716.0,55389.24410607615,554.9398483283749,54301.562003352534,56476.92620879976,2.95470924108876,3.44094986094281,1599.0,1842.5160640998147
2018-04-01,239.541,15007.2,200.597,55716.0,0,0,55859.0,55572.376807916604,554.8510923774896,54484.868666856724,56659.88494897648,3.0627871362940207,3.1719433261409247,1660.0,1708.530672689165
2018-05-01,238.884,15057.8,202.43400000000003,55859.0,0,0,55897.0,55694.55957221445,555.1888350131591,54606.38945558866,56782.72968884024,2.906955337089001,2.9864922197928134,1579.0,1615.0794658800805
2018-06-01,239.048,15119.3,204.026,55897.0,0,0,55696.0,55822.49219943806,555.0470917770679,54734.599899555,56910.38449932111,2.8512335647806086,3.081214886877981,1544.0,1668.5978543839738
2018-07-01,239.565,15184.7,204.935,55696.0,0,0,56057.0,55836.849477030584,554.7360197751134,54749.56687827136,56924.13207578981,3.542732595725817,3.1010321770374993,1918.0,1679.438733410032
2018-08-01,239.795,15238.6,205.313,56057.0,0,0,55937.0,56119.13114329581,555.0013088274626,55031.32857799398,57206.93370859764,2.7686937350725804,3.5838074534244146,1507.0,1941.6177626167846
2018-09-01,239.967,15237.5,205.359,55937.0,0,0,56177.0,56064.05418942491,554.8666638676247,54976.51552824437,57151.592850605455,2.1177197702319406,3.096804552787913,1165.0,1684.0426724638455
2018-10-01,239.558,15274.1,205.354,56177.0,0,0,56408.0,56211.58470929499,555.2464765586797,55123.30161523998,57299.867803350004,2.188405797101445,2.6422982824050756,1208.0,1447.042556665925
2018-11-01,240.227,15315.2,205.092,56408.0,0,0,56569.0,56426.85502030408,555.3282675186874,55338.41161596745,57515.29842464071,2.4077191839099177,2.7916879644442893,1330.0,1532.4796698164355
2018-12-01,241.137,15506.5,204.681,56569.0,0,0,56629.0,56793.611477365914,555.8049448891919,55704.2337853831,57882.98916934873,1.3313053592198365,3.2954295861971072,744.0,1811.8841106451437
2019-01-01,241.581,15536.3,204.182,56629.0,0,0,57470.0,56883.31544561529,555.9045710216437,55793.74248641287,57972.88840481771,3.8564406534624895,2.5361942856565456,2134.0,1406.9874602567506
2019-02-01,242.111,15560.4,204.406,57470.0,0,0,56351.0,57411.56936150981,556.4084716731765,56321.00875703039,58502.12996598924,1.4328143281432837,4.037841535410447,796.0,2228.216348587928
2019-03-01,242.482,15566.5,205.755,56351.0,0,0,57446.0,56849.55387023894,556.0815910853325,55759.63395171169,57939.47378876619,3.105032665661578,2.6364500684756598,1730.0,1460.30976416279
2019-04-01,241.219,15534.2,207.672,57446.0,0,0,57652.0,57358.07194374869,556.3638249504874,56267.598846845736,58448.54504065165,3.20986770260836,3.213278319918289,1793.0,1785.6951358320875
2019-05-01,241.642,15532.4,209.337,57652.0,0,0,57652.0,57522.16945725109,556.3511723776953,56431.72115939081,58612.61775511137,3.139703383008041,3.281487274653694,1755.0,1827.6098850366398
2019-06-01,241.214,15562.1,210.571,57652.0,0,0,57913.0,57547.375900159896,556.4666868069438,56456.701194018286,58638.050606301505,3.98053720195346,3.0899439146488072,2217.0,1724.883700721839
2019-07-01,240.988,15581.4,211.321,57913.0,0,0,58604.0,57709.65554649219,557.0114330049605,56617.91313780247,58801.397955181914,4.543589560625794,3.3540683025678586,2547.0,1872.806069461607
2019-08-01,240.943,15664.3,211.68,58604.0,0,0,58671.0,58188.59289728968,558.6663839969036,57093.60678465575,59283.57900992361,4.8876414537783575,3.687622584016248,2734.0,2069.46175399387
2019-09-01,241.409,15697.5,211.858,58671.0,0,0,58124.0,58297.822111310394,558.4437689897436,57203.272324090496,59392.37189853029,3.465831212061876,3.9843139319504006,1947.0,2233.767921885483
2019-10-01,241.999,15718.1,211.952,58124.0,0,0,57880.0,58062.2333714525,556.8973748121069,56970.71451682077,59153.75222608423,2.6095589278116504,3.2922904979967527,1472.0,1850.6486621575095
2019-11-01,242.726,15766.9,212.091,57880.0,0,0,58049.0,58035.757088416816,556.4960064721163,56945.02491573147,59126.489261102164,2.616273930951585,2.851305584076602,1480.0,1608.9020681127367
2019-12-01,242.887,15683.8,212.223,58049.0,0,0,58537.0,58043.652629469136,556.3264826069548,56953.252723559504,59134.05253537877,3.369298416005928,2.201024234215865,1908.0,1250.041152103222
2020-01-01,243.511,15857.3,212.385,58537.0,0,0,57885.0,58558.73800680948,557.0634292036926,57466.89368557024,59650.58232804872,0.7221158865495125,2.945367280491973,415.0,1675.4225611941874
2020-02-01,244.2,15916.8,213.205,57885.0,1,0,57922.0,57789.29014495062,657.4792338448658,56500.63084661468,59077.949443286554,2.7878830899185525,0.6579175376000723,1571.0,377.72078344080364
2020-03-01,245.017,15943.901431957142,215.179,57922.0,1,0,61000.0,57925.276442645234,659.3249068162067,56632.99962528547,59217.553260005,6.186679664380468,1.89222693789588,3554.0,1075.7225724062955
2020-04-01,251.063,15971.698987814283,217.221,74168.0,1,0,64097.0,67304.43341240402,719.023883598426,65895.1466005511,68713.72022425693,11.179143828488169,17.340822540914157,6445.0,9946.361468655326
2020-05-01,253.23,16002.244401171423,218.467,64097.0,0,1,64573.0,63199.12423441191,597.0319618254025,62028.94158923412,64369.3068795897,12.004787344758206,9.869159718288746,6921.0,5676.9547771608195
2020-06-01,254.674,16037.882510428568,219.794,64573.0,0,1,63140.0,63617.72688006985,597.3409482642581,62446.938621471905,64788.5151386678,9.025607376582112,10.5484409757302,5227.0,6070.350979909956
2020-07-01,252.003,16082.61908118571,221.554,63140.0,0,1,63546.0,62733.770111604856,595.7729896106796,61566.055051967924,63901.48517124179,8.432871476349746,8.705847431484193,4942.0,5024.114565112664
2020-08-01,252.148,16142.963482542851,224.036,63546.0,0,1,62387.0,63074.51131712385,595.8193806021213,61906.70533114369,64242.317303104006,6.333623084658524,8.396694569429508,3716.0,4885.918419834168
2020-09-01,251.166,16230.249100099996,226.787,62387.0,0,1,62303.0,62517.526634987065,596.8920672826968,61347.61818311298,63687.43508686115,7.189801114857897,7.2381855288175645,4179.0,4219.704523676672
2020-10-01,251.641,16353.81864935714,229.797,62303.0,0,1,61887.0,62693.340821802194,598.3398279185742,61520.59475908179,63866.0868845226,6.92294402211473,7.9761097385321555,4007.0,4631.107450349693
2020-11-01,251.365,16524.565858714286,232.299,61887.0,0,0,62798.0,62000.661158055635,558.0157382379444,60906.95031110926,63094.372005002006,8.181019483539774,6.831829665973577,4749.0,3964.9040696388183
2020-12-01,252.536,16748.584865471432,234.348,62798.0,0,0,62749.0,62871.87411529218,559.1886416197927,61775.864377717386,63967.88385286697,7.195449032236012,8.318259218875767,4212.0,4828.221485823044
2021-01-01,252.588,17022.309561228576,236.42,62749.0,0,0,63472.0,63200.902806375976,560.810342959897,62101.71453417458,64300.091078577374,9.651896000691028,7.927364826452865,5587.0,4642.164799566497
2021-02-01,252.945,17332.428102985727,239.2,63472.0,0,0,63821.0,64027.1832342714,563.2124174070427,62923.28689615359,65131.0795723892,10.184385898276993,10.79420265186597,5899.0,6237.89308932078
2021-03-01,253.136,17652.011487242875,244.195,63821.0,0,0,64006.0,64681.841134666516,566.5941533488932,63571.31659410269,65792.36567523035,4.927868852459016,11.664276990911393,3006.0,6756.564692021282
2021-04-01,254.204,17940.92878180002,249.801,64006.0,0,0,64604.0,65277.75346745068,571.0733278216715,64158.44974492021,66397.05718998116,0.7909886578155056,-3.0112131433229217,507.0,-2026.6799449533355
2021-05-01,254.972,18151.403904257168,255.424,64604.0,0,0,65195.0,65988.70912010521,573.3509936418288,64864.941172567225,67112.4770676432,0.9632508943366425,4.413961300075053,622.0,2789.5848856933007
2021-06-01,257.066,18247.75134521431,261.147,65195.0,0,0,65814.0,66651.12437710854,573.6880894847524,65526.69572171843,67775.55303249866,4.235033259423493,4.768163915628665,2674.0,3033.3974970386917
2021-07-01,258.4,18202.358189971448,265.482,65814.0,0,0,65850.0,67091.36026635258,570.8816132007291,65972.43230447915,68210.28822822601,3.625719950901707,6.946163361448665,2304.0,4357.590154747726
2021-08-01,259.572,18042.837353228588,268.756,65850.0,0,0,67509.0,67050.9856674072,568.3093283559156,65937.09938382961,68164.8719509848,8.210043759116491,6.304407703280623,5122.0,3976.474350283359
2021-09-01,262.346,17804.874344385727,271.407,67509.0,0,0,67771.0,67905.8018433562,562.3458999853844,66803.60387938484,69007.99980732755,8.77646341267675,8.618823389845453,5468.0,5388.27520836913
2021-10-01,265.084,17536.245245842867,273.61400000000003,67771.0,0,0,68142.0,67948.86640937357,559.8530691616788,66851.55439381668,69046.17842493046,10.107130738281068,8.382908804476607,6255.0,5255.525587571377
2021-11-01,267.315,17277.080989800004,275.981,68142.0,0,0,68218.0,68031.74768982524,558.8382599710286,66936.42470028202,69127.07067936845,8.630848116182044,9.727455190187095,5420.0,6031.086531769601
2021-12-01,268.962,17054.310579757144,278.555,68218.0,0,0,68824.0,67959.94236698898,558.4908722631016,66865.3002573533,69054.58447662466,9.681429186122493,8.092757410676965,6075.0,5088.068251696801
2022-01-01,271.278,16881.245858714283,281.932,68824.0,0,0,69283.0,68293.70415965229,559.6836608702113,67196.72418434668,69390.6841349579,9.155218048903446,8.058114879907263,5811.0,5092.801353276314
2022-02-01,274.848,16761.452935071426,287.152,69283.0,0,0,69294.0,68720.09323643912,559.7389433378451,67623.00490749694,69817.1815653813,8.575547233669178,7.329558736008512,5473.0,4692.910002167722
2022-03-01,278.588,16688.837671528567,294.95,69294.0,0,0,70083.0,69006.20387795412,558.5732500996974,67911.40030775871,70101.00744814952,9.494422397900193,6.685590062726177,6077.0,4324.362743287602
2022-04-01,281.629,16652.50633968571,301.573,70083.0,0,0,70380.0,69697.85603616846,560.0205235137133,68600.21581008159,70795.49626225534,8.940622871648806,6.771223478028809,5776.0,4420.102568717783
2022-05-01,285.414,16643.116224042853,306.338,70380.0,0,0,71182.0,70172.20253574336,559.7592561980232,69075.07439359523,71269.33067789148,9.18321957205308,6.339710946646693,5987.0,4183.49341563815
2022-06-01,288.583,16649.333938999996,308.136,71182.0,0,0,71725.0,70856.39384779772,560.500606259792,69757.81265952853,71954.97503606691,8.981371744613597,6.3093751380636665,5911.0,4205.269470689178
2022-07-01,292.287,16664.65011545714,306.978,71725.0,0,0,71705.0,71399.7883802249,560.275104021201,70301.64917634334,72497.92758410645,8.891419893697794,6.4217331363797925,5855.0,4308.428113872316
2022-08-01,294.799,16685.058987814286,303.561,71705.0,0,0,71934.0,71527.18866296129,559.2982403474281,70430.96411188033,72623.41321404224,6.55468159800916,6.675819827254115,4425.0,4476.202995554078
2022-09-01,296.302,16708.215717671428,300.396,71934.0,0,0,72470.0,71731.55238615375,559.1561587906116,70635.60631492415,72827.49845738335,6.933644184090548,5.6339082065811175,4699.0,3825.7505427975557
2022-10-01,297.943,16732.581504828573,298.61,72470.0,0,0,73214.0,72135.80048518706,559.7572813676453,71038.67621370648,73232.92475666765,7.443280208975378,6.161889516431884,5072.0,4186.934075813493
2022-11-01,299.267,16757.680053985714,296.79400000000004,73214.0,0,0,73438.0,72633.64264923679,561.2677570069369,71533.5578455032,73733.72745297039,7.651939370840544,6.764334469831379,5220.0,4601.894959411555
2022-12-01,300.553,16783.04728254286,294.286,73438.0,0,0,73347.0,72833.44317907635,561.5596376822525,71732.78628921913,73934.10006893356,6.571835406253634,7.171137352898405,4523.0,4873.500812087368
2023-01-01,301.853,16808.500000000004,292.777,73347.0,0,0,72793.0,72876.50720262493,560.9556927346362,71777.03404486504,73975.98036038481,5.066177850266307,6.710432680967604,3510.0,4582.803042972635
2023-02-01,302.603,16879.1,293.552,72793.0,0,0,73572.0,72716.61919562572,559.4914144710151,71620.01602326253,73813.22236798891,6.173694692181142,5.815658522808054,4278.0,3996.525959186605
2023-03-01,301.822,16968.0,297.487,73572.0,0,0,73158.0,73256.30788085211,559.8710201804574,72158.96068129841,74353.6550804058,4.387654638072003,6.159017253600596,3075.0,4250.104002897991
2023-04-01,301.806,16983.3,301.611,73158.0,0,0,72913.0,73108.37270372211,559.1364100414114,72012.46534004094,74204.28006740328,3.5990338164251234,4.893287773132959,2533.0,3410.5166675536457
2023-05-01,302.072,17041.9,305.485,72913.0,0,0,72807.0,73118.8529067605,559.0591936918512,72023.09688712447,74214.60892639653,2.282880503498075,4.199170418679987,1625.0,2946.6503710171382
2023-06-01,302.116,17050.3,308.443,72807.0,0,0,72732.0,73118.18523426306,559.3535221364971,72021.85233087552,74214.5181376506,1.4039735099337758,3.1920780379026237,1007.0,2261.7913864653383
2023-07-01,302.757,17061.6,310.36400000000003,72732.0,0,0,72878.0,73161.72667984934,559.8602086118003,72064.40067097021,74259.05268872847,1.6358691862492059,2.4677080137011087,1173.0,1761.9382996244385
2023-08-01,303.506,17085.8,311.732,72878.0,0,0,73463.0,73340.46572686653,560.1530156658332,72242.5658161615,74438.36563757157,2.1255595406900696,2.5350878425398182,1529.0,1813.277063905247
2023-09-01,303.382,17101.1,312.584,73463.0,0,0,73448.0,73684.15234945483,559.7156200388373,72587.10973417871,74781.19496473095,1.3495239409410775,2.7220935534611135,978.0,1952.5999633010797
2023-10-01,304.339,17152.8,312.944,73448.0,0,0,73472.0,73805.30646653778,559.9467664932695,72707.81080421097,74902.80212886458,0.3523916190892429,2.3143930893142928,258.0,1669.5059813507105
2023-11-01,304.154,17229.4,312.184,73472.0,0,0,73656.0,73884.61803985159,559.7024517906198,72787.60123434197,74981.6348453612,0.29684904272992974,1.7223084854163462,218.0,1250.9753906147962
2023-12-01,304.517,17267.4,310.997,73656.0,0,0,73465.0,74036.23136875186,559.5213213003207,72939.56957900323,75132.89315850049,0.16087910889335255,1.6514229414064774,118.0,1202.7881896755134
2024-01-01,305.421,17426.2,310.86,73465.0,0,0,73296.0,74175.42698500176,560.5161526557358,73076.81532579652,75274.038644207,0.691000508290629,1.782357349763397,503.0,1298.9197823768336
2024-02-01,305.58,17442.4,312.781,73296.0,0,0,73263.0,74141.25581472834,561.37710548846,73040.95668797096,75241.55494148572,-0.4199967378894165,1.9591623412386516,-309.0,1424.6366191026173
2024-03-01,305.367,17486.9,316.965,73263.0,0,0,73617.0,74224.55282461525,562.233286404132,73122.57558326315,75326.53006596735,0.6274091691954364,1.321722281360338,459.0,968.244943763144
2024-04-01,305.298,17464.9,320.886,73617.0,0,0,74099.0,74447.76123119511,561.693576311273,73346.84182162501,75548.6806407652,1.6265960802600343,1.832059007661102,1186.0,1339.3885274729982
2024-05-01,305.283,17511.1,323.814,74099.0,0,0,74024.0,74809.78209664398,561.154956440174,73709.91838202123,75909.64581126672,1.6715425714560306,2.312576199793104,1217.0,1690.929189883478
2024-06-01,305.661,17515.6,325.362,74024.0,0,0,74138.0,74822.3120188463,561.8502532859269,73721.08552240589,75923.53851528672,1.9331243469174586,2.330646991748231,1406.0,1704.126784583248
2024-07-01,305.996,17505.0,325.677,74138.0,0,0,74892.0,74899.35683338631,561.7734557572661,73798.28086010207,76000.43280667055,2.7635225994127266,2.3750535046018317,2014.0,1737.6301535369712
2024-08-01,306.239,17494.6,325.127,74892.0,0,0,74559.0,75308.70264499137,560.4591775130795,74210.20265706573,76407.202632917,1.4919074908457342,2.683698417535174,1096.0,1968.236918124836
2024-09-01,307.201,17519.6,324.755,74559.0,0,0,75140.0,75213.27130690025,561.312669819975,74113.0984740531,76313.4441397474,2.3036706241150284,2.07523450930589,1692.0,1529.1189574454183
2024-10-01,307.798,17584.7,324.083,75140.0,0,0,75403.0,75637.81733447126,560.5630845470712,74539.113688759,76736.52098018352,2.6282121080139387,2.4828985281218463,1931.0,1832.5108679334808
2024-11-01,308.881,17618.8,323.784,75403.0,0,0,75235.0,75889.2543456978,560.6283590565371,74790.42276194699,76988.08592944861,2.1437493211686753,2.7131984424213496,1579.0,2004.6363058462157
2024-12-01,309.754,17646.1,323.328,75235.0,0,0,75998.0,75879.91786273017,561.3079050876264,74779.75436875843,76980.08135670192,3.447900360715983,2.490248976606435,2533.0,1843.6864939783118
2025-01-01,311.178,17744.1,323.538,75998.0,0,0,76071.0,76510.97406095837,560.8893602029676,75411.63091496055,77610.31720695618,3.7860183366077216,3.1486803256674856,2775.0,2335.5470759566088
2025-02-01,311.08044,17791.248000000003,319.03662,76071.0,0,0,76531.82,76531.82,561.37710548846,75431.5167272558,77632.11498077057,4.461761052645952,3.2243373260974373,3268.820000000007,2390.5641852716653
2025-03-01,311.47434000000004,17836.638000000003,323.30429999999996,76531.81585401318,0,0,76928.56,76928.56,562.233286404132,75826.58630197075,78030.54078467494,4.4983631498159315,3.643009048197343,3311.5599999999977,2704.007175384744
2025-04-01,312.014556,17814.198,327.30372000000006,76928.56354332285,0,0,77216.19,77216.19,561.693576311273,76115.26911109494,78317.10793023513,4.206790914857161,3.718619234509446,3117.1900000000023,2768.4287688048935
2025-05-01,312.609792,17861.322,330.29028000000005,77216.18852066503,0,0,77513.86,77513.86,561.154956440174,76413.99606668606,78613.72349593154,4.714498000648448,3.6146047048535968,3489.8600000000006,2704.0779033560248
2025-06-01,313.608186,17865.912,331.86924000000005,77513.8597813088,0,0,77772.51,77772.51,561.8502532859269,76671.28578977557,78873.73878265641,4.902357765248588,3.942938812704133,3634.5099999999948,2950.1979811536876
2025-07-01,314.56388799999996,17802.585,332.19054000000006,77772.51228621599,0,0,77908.22,77908.22,561.7734557572661,76807.1474080159,79009.29935458438,4.027426160337555,4.0172082829855515,3016.220000000001,3008.8631666136935
2025-08-01,315.42616999999996,17792.008199999997,331.62954,77908.22338130014,0,0,78018.83,78018.83,560.4591775130795,76920.32922178578,79117.32919763705,4.640392172641805,3.5986908017580532,3459.8300000000017,2710.1273550086335
2025-09-01,317.03143200000005,17817.433199999996,331.2501,78018.82920971142,0,0,78209.77,78209.77,561.312669819975,77109.60113583542,79309.94680152972,4.085400585573606,3.984002611550874,3069.770000000004,2996.4986930997547
2025-10-01,318.263132,17883.6399,330.56466000000006,78209.77396868257,0,0,78463.32,78463.32,560.5630845470712,77364.62006393544,79562.02735535995,4.058618357359789,3.735568747356033,3060.320000000007,2825.502665528751
2025-11-01,320.00071599999995,17918.3196,330.25968,78463.3237096477,0,0,78753.45,78753.45,560.6283590565371,77654.61923815972,79852.28240566135,4.67661327839437,3.774178148140628,3518.449999999997,2864.195654302195
2025-12-01,321.524652,17946.083699999996,329.79456,78753.45082191053,0,0,79038.99,79038.99,561.3079050876264,77938.82419204284,80139.15117998634,4.001407931787693,4.163251919941091,3040.9900000000052,3159.0721372698317
