date,GDP,Real Consumer Exp,Business Inv,Govt Expenditure,Net Exports,Imports,Exports,CPI,Real Disposable Income,Unemployment Rate,Initial Jobless Claims,Continued Jobless Claims,Personal Savings,Consumer Debt % DI,Credit Card Delinquency,Mortgage Delinquency,Consumer Sentiment,Avg Home Price,Oil Prices,PPI Farm Products,PPI Food Manufacture,PPI Grocery,Retail Wages,US Population,CPI (Food at Home),CPI (Food away from Home),Grocery Sales,Restaurant Sales,Grocery Units,Restaurant Units
2000-01-01,13878.147,,477.949,3074.397,-380.953,1733.056,1280.897,169.3,9799.9,4.0,1442000,10549000,324.2,5.978188,4.43,1.95,112.0,100.0,27.259473684210523,95.9,126.7,101.6,,281083.0,165.3,167.2,32239.0,19529.0,195.03327283726557,116.80023923444976
2000-02-01,13878.147,,477.949,3074.397,-380.953,1733.056,1280.897,170.0,9837.9,4.1,1175000,8590000,289.4,5.978188,4.43,1.95,111.3,100.571,29.366000000000003,97.5,127.2,106.7,,281299.0,166.1,167.6,32567.0,20158.0,196.06863335340157,120.27446300715991
2000-03-01,13878.147,,477.949,3074.397,-380.953,1733.056,1280.897,171.0,9864.0,4.0,1099000,8316000,276.5,5.978188,4.43,1.95,107.1,101.466,29.84173913043478,100.6,127.4,106.2,,281531.0,166.4,167.9,33117.0,22082.0,199.02043269230768,131.51876116736153
2000-04-01,14130.908,,578.12,3129.768,-394.856,1733.056,1319.937,170.9,9913.7,3.8,1358000,10077000,311.7,6.078356,4.51,1.97,109.2,102.541,25.722105263157896,101.6,128.1,106.3,,281763.0,166.6,168.1,33541.0,21836.0,201.3265306122449,129.89886972040452
2000-05-01,14130.908,,578.12,3129.768,-394.856,1733.056,1319.937,171.2,9954.5,4.0,1129000,7958000,314.7,6.078356,4.51,1.97,110.7,103.702,28.78818181818182,103.7,129.3,103.6,,281996.0,167.4,168.3,33221.0,22364.0,198.45280764635604,132.8817587641117
2000-06-01,14130.908,,578.12,3129.768,-394.856,1733.056,1319.937,172.2,9982.3,4.0,1164000,8113000,318.9,6.078356,4.51,1.97,106.4,104.856,31.82227272727273,100.1,129.4,101.9,,282247.0,167.5,168.6,33644.0,22510.0,200.8597014925373,133.51126927639385
2000-07-01,14145.312,,548.56,3152.254,-424.867,1733.056,1351.623,172.7,10035.9,4.0,1475000,10428000,347.9,6.201877,4.53,2.09,108.3,105.722,29.69684210526316,97.3,129.4,105.8,,282504.0,168.5,169.1,33479.0,22983.0,198.68842729970328,135.9136605558841
2000-08-01,14145.312,,548.56,3152.254,-424.867,1733.056,1351.623,172.7,10098.3,4.1,1251000,8469000,354.7,6.201877,4.53,2.09,107.3,106.522,31.26391304347826,94.6,128.7,101.5,,282769.0,169.0,169.5,33554.0,22724.0,198.54437869822485,134.06489675516224
2000-09-01,14145.312,,548.56,3152.254,-424.867,1733.056,1351.623,173.6,10110.3,3.9,1501000,10598000,306.4,6.201877,4.53,2.09,106.8,107.136,33.884,98.0,128.5,105.1,,283033.0,169.1,170.0,33729.0,21790.0,199.46185688941455,128.1764705882353
2000-10-01,14229.765,,542.902,3210.083,-440.985,1733.056,1338.104,173.9,10139.2,3.9,1204000,8465000,327.0,6.345516,4.57,2.23,105.8,107.729,33.108636363636364,100.3,128.7,103.1,,283285.0,169.0,170.3,33867.0,22051.0,200.39644970414201,129.48326482677626
2000-11-01,14229.765,,542.902,3210.083,-440.985,1733.056,1338.104,174.2,10143.5,3.9,1337000,8845000,323.2,6.345516,4.57,2.23,107.6,108.292,34.417142857142856,101.5,128.8,104.3,,283523.0,169.2,170.4,34071.0,20967.0,201.36524822695037,123.04577464788731
2000-12-01,14229.765,,542.902,3210.083,-440.985,1733.056,1338.104,174.6,10164.3,3.9,1730000,11532000,307.2,6.345516,4.57,2.23,98.4,108.792,28.436500000000002,103.4,129.6,104.7,,283748.0,170.2,170.8,34558.0,22104.0,203.0434782608696,129.41451990632316
2001-01-01,14183.12,,414.895,3280.819,-434.882,1690.4,1321.256,175.6,10211.7,4.2,1360000,9583000,344.7,6.454295,4.81,2.34,94.7,109.215,29.585714285714282,104.5,130.3,104.9,,283960.0,170.4,171.4,34229.0,20613.0,200.8744131455399,120.26254375729287
2001-02-01,14183.12,,414.895,3280.819,-434.882,1690.4,1321.256,176.0,10223.4,4.2,1485000,9946000,350.7,6.454295,4.81,2.34,90.6,109.643,29.609473684210528,103.6,130.8,106.9,,284166.0,171.6,171.8,34602.0,20547.0,201.64335664335664,119.59837019790453
2001-03-01,14183.12,,414.895,3280.819,-434.882,1690.4,1321.256,176.1,10254.4,4.3,1936000,12927000,380.1,6.454295,4.81,2.34,91.5,110.394,27.244545454545456,107.3,131.8,108.7,,284380.0,172.1,172.3,34477.0,23239.0,200.33120278907612,134.8752176436448
2001-04-01,14271.694,,384.743,3358.217,-417.386,1690.4,1282.544,176.4,10233.1,4.4,1587000,10789000,369.3,6.595124,4.94,2.41,88.4,111.248,27.49,106.0,132.5,108.5,,284602.0,172.5,172.7,34727.0,22217.0,201.31594202898552,128.64504921829763
2001-05-01,14271.694,,384.743,3358.217,-417.386,1690.4,1282.544,177.3,10214.7,4.3,1578000,11277000,327.9,6.595124,4.94,2.41,92.0,112.203,28.62909090909091,106.8,133.4,108.4,,284834.0,172.8,173.1,34781.0,23460.0,201.27893518518516,135.52859618717505
2001-06-01,14271.694,,384.743,3358.217,-417.386,1690.4,1282.544,177.7,10218.1,4.5,1986000,14737000,327.7,6.595124,4.94,2.41,92.6,113.273,27.59904761904762,105.9,133.7,109.2,,285076.0,173.5,173.6,34866.0,23725.0,200.95677233429396,136.66474654377882
2001-07-01,14214.516,,336.012,3377.367,-444.5,1690.4,1216.869,177.4,10370.7,4.6,1592000,12123000,426.4,6.563462,5.0,2.19,92.4,114.227,26.4247619047619,105.0,134.0,110.6,,285324.0,174.0,174.1,34792.0,24019.0,199.95402298850576,137.96094198736358
2001-08-01,14214.516,,336.012,3377.367,-444.5,1690.4,1216.869,177.4,10543.1,4.9,1592000,12480000,517.4,6.563462,5.0,2.19,91.5,114.989,27.37391304347826,105.5,134.6,109.7,,285584.0,174.4,174.7,35043.0,24531.0,200.93463302752292,140.41785918717804
2001-09-01,14214.516,,336.012,3377.367,-444.5,1690.4,1216.869,178.1,10452.8,5.0,2175000,16311000,539.5,6.563462,5.0,2.19,81.8,115.465,26.199473684210528,105.3,134.5,113.3,,285842.0,174.4,175.1,35152.0,21899.0,201.55963302752292,125.06567675613935
2001-10-01,14253.574,,229.85,3436.53,-469.594,1690.4,1174.568,177.6,10267.7,5.3,1923000,14110000,225.2,6.743693,4.69,2.26,82.7,115.681,22.169565217391302,101.2,134.1,116.1,,286086.0,175.1,175.6,35270.0,22504.0,201.4277555682467,128.15489749430523
2001-11-01,14253.574,,229.85,3436.53,-469.594,1690.4,1174.568,177.5,10279.7,5.5,1790000,14626000,262.3,6.743693,4.69,2.26,83.9,115.838,19.634999999999998,97.3,132.4,111.5,,286315.0,175.1,175.8,35414.0,21946.0,202.25014277555684,124.83503981797496
2001-12-01,14253.574,,229.85,3436.53,-469.594,1690.4,1174.568,177.4,10298.9,5.7,2084000,17947000,286.6,6.743693,4.69,2.26,88.8,116.055,19.388947368421054,96.6,131.7,110.6,,286533.0,174.7,176.0,35208.0,23934.0,201.53405838580426,135.98863636363637
2002-01-01,14372.785,,268.145,3508.647,-490.652,1752.428,1200.226,177.7,10514.7,5.7,1634000,14202000,441.6,6.63772,4.94,2.24,93.0,116.437,19.714761904761904,99.9,131.5,115.0,,286739.0,175.4,176.4,35130.0,21704.0,200.28506271379703,123.03854875283446
2002-02-01,14372.785,,268.145,3508.647,-490.652,1752.428,1200.226,178.0,10531.6,5.7,1596000,14217000,429.0,6.63772,4.94,2.24,90.7,116.916,20.723684210526315,101.8,132.0,113.8,,286935.0,175.7,177.0,35114.0,21637.0,199.8520204894707,122.24293785310735
2002-03-01,14372.785,,268.145,3508.647,-490.652,1752.428,1200.226,178.5,10539.0,5.7,2077000,18054000,440.3,6.63772,4.94,2.24,95.7,117.929,24.531,104.4,132.0,112.6,,287131.0,176.2,177.1,35160.0,24344.0,199.54597048808174,137.45906267645398
2002-04-01,14460.848,,266.56,3554.587,-511.591,1752.428,1235.95,179.3,10574.2,5.9,1717000,14757000,431.9,6.579984,4.78,2.16,93.0,119.209,26.179090909090913,94.3,131.5,114.1,,287343.0,176.7,177.2,34827.0,23605.0,197.0967741935484,133.21106094808127
2002-05-01,14460.848,,266.56,3554.587,-511.591,1752.428,1235.95,179.5,10616.5,5.8,1636000,14848000,495.0,6.579984,4.78,2.16,96.9,120.788,27.041363636363634,96.6,130.9,110.5,,287571.0,175.5,177.6,34941.0,24811.0,199.0940170940171,139.70157657657657
2002-06-01,14460.848,,266.56,3554.587,-511.591,1752.428,1235.95,179.6,10648.2,5.8,1936000,18176000,497.4,6.579984,4.78,2.16,92.4,122.333,25.5185,96.2,131.3,112.7,,287808.0,175.2,178.2,34933.0,24606.0,199.3892694063927,138.08080808080808
2002-07-01,14519.633,,253.738,3598.998,-529.887,1752.428,1239.872,180.0,10621.0,5.8,1544000,14017000,431.2,6.557459,4.89,2.1,88.1,123.688,26.966190476190473,97.9,131.5,111.8,,288051.0,175.3,178.5,35044.0,24997.0,199.90872789503706,140.0392156862745
2002-08-01,14519.633,,253.738,3598.998,-529.887,1752.428,1239.872,180.5,10623.0,5.7,1968000,17584000,424.4,6.557459,4.89,2.1,87.6,124.73,28.385,99.7,131.3,113.3,,288303.0,175.1,178.8,34874.0,25724.0,199.16619074814392,143.8702460850112
2002-09-01,14519.633,,253.738,3598.998,-529.887,1752.428,1239.872,180.8,10633.6,5.7,1638000,14220000,469.0,6.557459,4.89,2.1,86.1,125.495,29.6635,99.8,136.1,115.2,,288554.0,175.4,179.2,34865.0,22920.0,198.77423033067274,127.90178571428572
2002-10-01,14537.58,,238.784,3681.871,-579.938,1752.428,1221.597,181.2,10661.8,5.7,1630000,14223000,459.5,6.499285,4.84,2.0,80.6,126.138,28.836521739130436,99.1,131.6,113.5,,288794.0,175.0,179.6,34990.0,23567.0,199.94285714285715,131.2193763919822
2002-11-01,14537.58,,238.784,3681.871,-579.938,1752.428,1221.597,181.5,10690.9,5.9,1961000,17412000,462.2,6.499285,4.84,2.0,84.2,126.643,26.352105263157895,99.1,131.6,116.0,,289012.0,175.7,179.8,35157.0,23141.0,200.09675583380763,128.70411568409344
2002-12-01,14537.58,,238.784,3681.871,-579.938,1752.428,1221.597,181.8,10719.9,6.0,1657000,13931000,437.7,6.499285,4.84,2.0,86.7,127.151,29.460952380952378,99.1,132.6,114.9,,289214.0,175.9,180.1,35257.0,24436.0,200.4377487208641,135.68017767906719
2003-01-01,14614.141,,232.334,3744.177,-575.852,1842.231,1217.842,182.6,10710.4,5.8,1580000,13658000,435.8,6.482181,4.68,1.97,82.4,127.652,32.94714285714286,104.1,133.9,116.4,,289412.0,176.0,179.9,35669.0,22599.0,202.66477272727272,125.61978877153975
2003-02-01,14614.141,,232.334,3744.177,-575.852,1842.231,1217.842,183.6,10674.0,5.9,1644000,13748000,433.3,6.482181,4.68,1.97,79.9,128.326,35.828421052631576,104.6,134.5,116.5,,289606.0,177.2,180.7,35570.0,22103.0,200.73363431151242,122.31876037631434
2003-03-01,14614.141,,232.334,3744.177,-575.852,1842.231,1217.842,183.9,10696.5,5.9,2137000,17704000,408.0,6.482181,4.68,1.97,77.6,129.308,33.513333333333335,104.0,134.8,113.0,,289809.0,177.5,181.0,35549.0,25193.0,200.27605633802816,139.1878453038674
2003-04-01,14743.567,,226.94,3808.76,-599.854,1842.231,1219.986,183.2,10752.7,6.0,1745000,14519000,413.0,6.446315,4.53,1.83,86.0,130.488,28.170476190476194,105.6,135.1,119.2,,290024.0,177.6,181.1,35638.0,24445.0,200.6644144144144,134.9806736609608
2003-05-01,14743.567,,226.94,3808.76,-599.854,1842.231,1219.986,182.9,10832.0,6.1,2120000,18596000,448.2,6.446315,4.53,1.83,92.1,131.84,28.108571428571427,109.2,135.7,120.7,,290250.0,177.9,181.5,35225.0,26711.0,198.00449690837547,147.168044077135
2003-06-01,14743.567,,226.94,3808.76,-599.854,1842.231,1219.986,183.1,10860.6,6.3,1687000,14806000,429.3,6.446315,4.53,1.83,89.7,133.225,30.66238095238095,107.3,137.1,118.1,,290484.0,179.2,181.9,35676.0,25877.0,199.08482142857144,142.25948323254536
2003-07-01,14988.782,,254.188,3839.406,-595.026,1842.231,1253.316,183.7,10991.1,6.2,1646000,14465000,500.5,6.359652,4.24,1.73,90.9,134.64700000000002,30.754545454545454,105.5,137.0,118.8,,290726.0,179.0,182.3,35957.0,26690.0,200.87709497206703,146.40702139330773
2003-08-01,14988.782,,254.188,3839.406,-595.026,1842.231,1253.316,184.5,11066.7,6.1,2001000,17982000,491.9,6.359652,4.24,1.73,89.3,135.965,31.573809523809523,109.0,137.8,120.0,,290974.0,180.0,182.6,35890.0,27552.0,199.38888888888889,150.88718510405258
2003-09-01,14988.782,,254.188,3839.406,-595.026,1842.231,1253.316,185.1,10940.8,6.1,1582000,14303000,417.4,6.359652,4.24,1.73,87.7,137.076,28.31142857142857,116.1,139.0,115.8,,291222.0,180.5,182.8,35918.0,24320.0,198.99168975069253,133.04157549234134
2003-10-01,15162.76,,300.874,3869.703,-597.382,1842.231,1309.666,184.9,10982.3,6.0,1528000,13945000,431.4,6.371961,4.43,1.76,89.6,137.976,30.338260869565215,124.4,141.8,120.1,,291463.0,181.4,183.3,35763.0,25781.0,197.14994487320837,140.6492089470813
2003-11-01,15162.76,,300.874,3869.703,-597.382,1842.231,1309.666,185.0,11048.4,5.8,1815000,16867000,437.4,6.371961,4.43,1.76,93.7,138.766,31.108333333333334,123.7,141.5,116.9,,291677.0,182.7,183.8,35679.0,24780.0,195.2873563218391,134.82045701849836
2003-12-01,15162.76,,300.874,3869.703,-597.382,1842.231,1309.666,185.5,11057.2,5.7,1433000,13081000,432.7,6.371961,4.43,1.76,92.6,139.628,32.12904761904762,124.3,141.1,119.3,,291868.0,183.9,184.3,35808.0,26062.0,194.71451876019574,141.4107433532284
2004-01-01,15248.68,,288.018,3947.702,-621.175,2044.535,1339.286,186.3,11051.2,5.7,1801000,15741000,404.1,6.368558,4.21,1.65,103.8,140.705,34.31,117.4,139.3,121.3,,292046.0,183.3,184.9,36402.0,24839.0,198.59247135842878,134.3374797187669
2004-02-01,15248.68,,288.018,3947.702,-621.175,2044.535,1339.286,186.7,11071.0,5.6,1443000,12459000,405.1,6.368558,4.21,1.65,94.4,142.02700000000002,34.68473684210526,120.4,140.4,125.7,,292230.0,183.7,185.5,35890.0,24952.0,195.37289058247143,134.51212938005392
2004-03-01,15248.68,,288.018,3947.702,-621.175,2044.535,1339.286,187.1,11115.6,5.8,1368000,12185000,397.3,6.368558,4.21,1.65,95.8,144.079,36.74130434782609,129.1,142.4,125.2,,292434.0,184.1,185.8,36365.0,27054.0,197.52851711026616,145.6081808396125
2004-04-01,15366.85,,345.442,3982.852,-670.333,2044.535,1367.358,187.4,11153.3,5.6,1393000,12003000,430.7,6.307107,4.15,1.6,94.2,146.18,36.75,129.6,146.1,123.1,,292651.0,184.3,186.2,36312.0,26738.0,197.02658708627237,143.5982814178303
2004-05-01,15366.85,,345.442,3982.852,-670.333,2044.535,1367.358,188.2,11208.9,5.6,1681000,14878000,432.0,6.307107,4.15,1.6,90.2,148.336,40.275,135.1,149.1,122.2,,292872.0,186.6,186.7,36528.0,27839.0,195.7556270096463,149.11087305838245
2004-06-01,15366.85,,345.442,3982.852,-670.333,2044.535,1367.358,188.9,11215.8,5.6,1396000,11803000,479.7,6.307107,4.15,1.6,95.6,150.52,38.025238095238095,129.7,148.6,122.2,,293103.0,187.0,187.0,36508.0,27258.0,195.22994652406416,145.76470588235293
2004-07-01,15512.619,,365.526,4050.203,-694.004,2044.535,1371.93,189.1,11240.5,5.5,1715000,14585000,426.2,6.329715,4.07,1.56,96.7,152.338,40.77809523809524,124.4,146.5,124.5,,293350.0,187.2,187.8,36526.0,28982.0,195.1175213675214,154.32374866879658
2004-08-01,15512.619,,365.526,4050.203,-694.004,2044.535,1371.93,189.2,11274.6,5.4,1363000,11566000,420.9,6.329715,4.07,1.56,95.9,153.815,44.90318181818182,119.0,144.6,121.0,,293603.0,187.0,188.4,36680.0,28076.0,196.14973262032086,149.02335456475583
2004-09-01,15512.619,,365.526,4050.203,-694.004,2044.535,1371.93,189.8,11279.6,5.4,1349000,11451000,369.8,6.329715,4.07,1.56,94.2,155.109,45.93571428571428,118.7,143.8,121.3,,293857.0,186.4,188.9,36951.0,26179.0,198.23497854077252,138.5865537321334
2004-10-01,15670.88,,392.925,4093.92,-709.543,2044.535,1404.51,190.8,11282.5,5.5,1670000,13890000,352.5,6.258245,4.03,1.41,91.7,156.3,53.28047619047619,119.2,143.5,122.9,,294104.0,187.7,189.4,37078.0,27517.0,197.53862546616944,145.28511087645194
2004-11-01,15670.88,,392.925,4093.92,-709.543,2044.535,1404.51,191.7,11246.1,5.4,1315000,10938000,306.4,6.258245,4.03,1.41,92.8,157.498,48.469,118.0,143.3,125.2,,294337.0,188.6,189.6,37286.0,25829.0,197.69883351007422,136.2289029535865
2004-12-01,15670.88,,392.925,4093.92,-709.543,2044.535,1404.51,191.7,11659.0,5.4,1301000,10876000,580.1,6.258245,4.03,1.41,97.1,158.671,43.14952380952381,118.4,144.2,128.1,,294561.0,188.4,189.9,37423.0,28321.0,198.63588110403396,149.13638757240653
2005-01-01,15844.727,,440.005,4201.029,-701.438,2177.25,1430.827,191.6,11226.5,5.3,1717000,13619000,247.1,7.303833,3.7,1.42,95.5,160.131,46.837,118.8,144.7,127.4,,294768.0,188.1,190.8,37628.0,25914.0,200.04253056884636,135.81761006289307
2005-02-01,15844.727,,440.005,4201.029,-701.438,2177.25,1430.827,192.4,11229.0,5.4,1247000,10746000,210.6,7.303833,3.7,1.42,94.1,161.925,48.148947368421055,117.6,145.0,130.8,,294955.0,187.7,191.4,37553.0,25934.0,200.06925945657966,135.49634273772205
2005-03-01,15844.727,,440.005,4201.029,-701.438,2177.25,1430.827,193.1,11268.8,5.2,1328000,10638000,230.2,7.303833,3.7,1.42,92.6,164.577,54.186818181818175,123.0,146.0,130.2,,295149.0,188.1,191.7,37645.0,28566.0,200.13290802764487,149.01408450704227
2005-04-01,15922.782,,381.969,4240.85,-697.998,2177.25,1462.813,193.7,11304.2,5.2,1616000,13022000,195.4,7.239296,3.67,1.55,87.7,167.00099999999998,52.97904761904762,120.7,146.3,128.2,,295359.0,190.0,192.1,38049.0,28911.0,200.2578947368421,150.49973971889642
2005-05-01,15922.782,,381.969,4240.85,-697.998,2177.25,1462.813,193.6,11352.7,5.1,1308000,10345000,243.6,7.239296,3.67,1.55,86.9,169.546,49.83380952380952,121.5,147.1,128.7,,295582.0,190.2,192.6,37908.0,29547.0,199.30599369085175,153.41121495327104
2005-06-01,15922.782,,381.969,4240.85,-697.998,2177.25,1462.813,193.7,11375.5,5.0,1303000,10400000,181.9,7.239296,3.67,1.55,96.0,172.017,56.35227272727273,118.3,146.4,132.5,,295824.0,189.6,193.2,38143.0,29239.0,201.17616033755274,151.34057971014494
2005-07-01,16047.587,,384.265,4375.914,-710.398,2177.25,1462.546,194.9,11387.1,5.0,1622000,12976000,128.9,7.258264,3.9,1.59,96.5,174.09900000000002,58.99550000000001,116.3,146.3,132.2,,296077.0,190.0,193.6,37960.0,30593.0,199.78947368421052,158.02169421487605
2005-08-01,16047.587,,384.265,4375.914,-710.398,2177.25,1462.546,196.1,11405.3,4.9,1263000,10323000,183.6,7.258264,3.9,1.59,89.1,175.924,64.98521739130435,114.5,146.0,131.3,,296338.0,189.8,194.2,38320.0,29898.0,201.89673340358272,153.9546858908342
2005-09-01,16047.587,,384.265,4375.914,-710.398,2177.25,1462.546,198.8,11365.2,5.0,1531000,10866000,189.1,7.258264,3.9,1.59,76.9,177.612,65.58666666666666,116.8,146.3,132.8,,296606.0,190.2,194.6,38577.0,27866.0,202.82334384858046,143.19630010277493
2005-10-01,16136.734,,456.172,4393.619,-735.145,2177.25,1507.833,199.1,11428.7,5.0,1761000,14017000,216.2,7.306876,3.54,1.64,74.2,178.753,62.260000000000005,115.7,146.7,136.7,,296857.0,190.6,195.2,38559.0,28912.0,202.30325288562435,148.11475409836066
2005-11-01,16136.734,,456.172,4393.619,-735.145,2177.25,1507.833,198.1,11500.1,5.0,1269000,10805000,246.3,7.306876,3.54,1.64,81.6,179.675,58.322500000000005,117.5,146.1,138.5,,297089.0,191.4,195.6,38508.0,27582.0,201.19122257053291,141.01226993865032
2005-12-01,16136.734,,456.172,4393.619,-735.145,2177.25,1507.833,198.1,11535.2,4.9,1582000,13197000,237.2,7.306876,3.54,1.64,91.5,180.108,59.411904761904765,121.1,146.2,136.2,,297311.0,191.7,196.0,38847.0,30191.0,202.64475743348984,154.03571428571428
2006-01-01,16353.835,,486.45,4456.559,-720.154,2317.035,1568.985,199.3,11651.8,4.7,1183000,10228000,290.9,7.090829,3.86,1.61,91.2,180.828,65.485,117.4,146.4,136.0,,297526.0,192.5,196.6,38254.0,28260.0,198.72207792207791,143.74364191251271
2006-02-01,16353.835,,486.45,4456.559,-720.154,2317.035,1568.985,199.4,11702.8,4.8,1163000,10029000,310.5,7.090829,3.86,1.61,86.7,181.5,61.631052631578946,111.9,145.1,133.5,,297734.0,192.2,197.2,38889.0,27378.0,202.33610822060356,138.83367139959432
2006-03-01,16353.835,,486.45,4456.559,-720.154,2317.035,1568.985,199.7,11747.5,4.7,1207000,9822000,328.2,7.090829,3.86,1.61,88.9,182.749,62.68521739130435,111.0,145.2,139.2,15.24,297950.0,192.3,197.6,38866.0,30970.0,202.11128445137805,156.73076923076923
2006-04-01,16396.151,,491.531,4508.744,-713.842,2317.035,1598.092,200.7,11744.4,4.7,1518000,12005000,303.9,6.93645,4.13,1.62,87.4,183.648,69.44368421052631,111.3,144.1,135.4,15.24,298170.0,191.8,198.0,38891.0,30142.0,202.76850886339938,152.23232323232324
2006-05-01,16396.151,,491.531,4508.744,-713.842,2317.035,1598.092,201.3,11736.8,4.6,1331000,9535000,284.4,6.93645,4.13,1.62,79.1,184.38,70.84409090909091,109.8,144.7,134.9,15.17,298401.0,191.8,198.7,39242.0,31104.0,204.5985401459854,156.5374937091092
2006-06-01,16396.151,,491.531,4508.744,-713.842,2317.035,1598.092,201.8,11751.9,4.6,1222000,9634000,293.1,6.93645,4.13,1.62,84.9,184.547,70.9509090909091,113.8,146.4,134.1,15.24,298653.0,192.4,199.2,39372.0,30986.0,204.63617463617464,155.55220883534136
2006-07-01,16420.738,,506.393,4557.261,-738.996,2317.035,1596.037,202.9,11746.9,4.7,1594000,12247000,233.7,7.028664,4.12,1.74,84.7,184.607,74.41105263157894,115.5,147.4,135.9,15.21,298910.0,192.8,199.7,39411.0,31548.0,204.41390041493776,157.97696544817228
2006-08-01,16420.738,,506.393,4557.261,-738.996,2317.035,1596.037,203.8,11737.0,4.7,1257000,9865000,251.9,7.028664,4.12,1.74,82.0,184.404,73.04304347826087,118.5,147.5,137.1,15.14,299178.0,193.4,200.2,39705.0,31728.0,205.29989658738364,158.4815184815185
2006-09-01,16420.738,,506.393,4557.261,-738.996,2317.035,1596.037,202.8,11800.1,4.5,1581000,12231000,240.0,7.028664,4.12,1.74,85.4,184.198,63.798,120.3,147.9,137.3,15.09,299452.0,194.3,200.5,39356.0,30094.0,202.55275347400925,150.09476309226932
2006-10-01,16561.866,,475.912,4555.974,-675.46,2317.035,1656.573,201.9,11853.7,4.4,1262000,9785000,237.9,7.052577,3.95,1.92,93.6,184.053,58.89318181818182,123.2,147.6,137.4,15.1,299710.0,194.8,201.1,40002.0,30416.0,205.34907597535934,151.2481352560915
2006-11-01,16561.866,,475.912,4555.974,-675.46,2317.035,1656.573,202.0,11901.9,4.5,1305000,9904000,272.9,7.052577,3.95,1.92,92.1,183.63,59.0825,124.5,149.0,135.4,15.08,299950.0,194.6,201.6,39989.0,29023.0,205.4933196300103,143.96329365079364
2006-12-01,16561.866,,475.912,4555.974,-675.46,2317.035,1656.573,203.1,11958.6,4.4,1620000,12406000,264.0,7.052577,3.95,1.92,91.7,183.229,61.959,127.0,149.8,135.7,15.13,300178.0,194.4,202.2,40153.0,32631.0,206.54835390946502,161.37982195845697
2007-01-01,16611.69,11181.0,470.942,4747.079,-676.588,2376.426,1689.392,203.437,11956.6,4.6,1269000,10097000,242.1,6.978163,3.98,2.08,96.9,182.718,54.50619047619048,127.1,151.6,136.2,15.12,300398.0,195.918,203.171,40253.0,29110.0,205.4584060678447,143.27832220149529
2007-02-01,16611.69,11178.2,470.942,4747.079,-676.588,2376.426,1689.392,204.226,11996.0,4.5,1291000,10277000,283.0,6.978163,3.98,2.08,91.3,182.471,59.27894736842105,137.5,153.8,138.3,15.12,300608.0,197.735,203.909,40646.0,28557.0,205.55794371254456,140.04776640560252
2007-03-01,16611.69,11190.7,470.942,4747.079,-676.588,2376.426,1689.392,205.288,12035.1,4.4,1547000,12595000,313.4,6.978163,3.98,2.08,88.4,182.193,60.441818181818185,140.6,155.8,139.5,15.1,300823.0,198.816,204.082,40572.0,32966.0,204.06808305166587,161.53310924040338
2007-04-01,16713.314,11201.5,516.514,4792.841,-663.578,2376.426,1714.981,205.904,12052.8,4.5,1281000,9984000,309.7,6.916833,4.02,2.29,87.1,182.131,63.977,141.3,156.9,140.3,15.11,301045.0,199.25,204.725,40416.0,31229.0,202.84065244667502,152.54121382342166
2007-05-01,16713.314,11218.0,516.514,4792.841,-663.578,2376.426,1714.981,206.755,12059.9,4.4,1217000,9791000,295.0,6.916833,4.02,2.29,88.3,181.885,63.45454545454545,142.7,158.7,142.4,15.08,301278.0,200.237,205.233,40740.0,32930.0,203.45890120207554,160.45177919730259
2007-06-01,16713.314,11218.5,516.514,4792.841,-663.578,2376.426,1714.981,207.234,12053.3,4.6,1576000,12410000,284.1,6.916833,4.02,2.29,85.3,181.54,67.48904761904762,141.8,160.3,140.7,15.15,301528.0,201.151,205.934,40870.0,33151.0,203.1806950997012,160.9787601853021
2007-07-01,16809.587,11252.6,525.852,4859.514,-623.292,2376.426,1768.587,207.603,12066.4,4.7,1253000,10169000,271.0,6.859151,4.41,2.72,90.4,180.993,74.11761904761904,143.4,160.4,141.2,15.08,301790.0,201.596,206.931,41044.0,33196.0,203.59530943074267,160.42062329955394
2007-08-01,16809.587,11300.1,525.852,4859.514,-623.292,2376.426,1768.587,207.667,12070.9,4.6,1280000,10212000,235.3,6.859151,4.41,2.72,83.4,180.234,72.35608695652174,140.4,160.3,141.4,15.09,302064.0,202.338,207.756,40954.0,33725.0,202.4038984273839,162.32984847609697
2007-09-01,16809.587,11309.6,525.852,4859.514,-623.292,2376.426,1768.587,208.547,12089.6,4.7,1567000,12686000,243.2,6.859151,4.41,2.72,83.4,179.122,79.91473684210526,146.8,160.8,140.3,15.1,302334.0,203.3,208.805,41095.0,30911.0,202.13969503197245,148.03764277675342
2007-10-01,16915.191,11318.6,512.243,4934.382,-560.106,2376.426,1809.181,209.19,12080.4,4.7,1313000,10247000,228.0,6.894569,4.6,3.1,80.9,177.52900000000002,85.7986956521739,148.2,160.7,143.2,15.2,302590.0,204.081,209.275,41379.0,31744.0,202.7577285489585,151.6855811730976
2007-11-01,16915.191,11342.2,512.243,4934.382,-560.106,2376.426,1809.181,210.834,12070.1,4.7,1344000,10467000,201.8,6.894569,4.6,3.1,76.1,175.16099999999997,94.77238095238096,151.0,161.4,143.5,15.16,302834.0,205.119,209.854,41868.0,30691.0,204.1156596902286,146.24929713038588
2007-12-01,16915.191,11335.1,512.243,4934.382,-560.106,2376.426,1809.181,211.445,12120.5,5.0,1741000,13560000,254.4,6.894569,4.6,3.1,75.5,173.33700000000002,91.687,159.6,162.8,141.8,15.09,303062.0,205.503,210.233,41998.0,33296.0,204.36684622608917,158.37665827914742
2008-01-01,16843.003,11333.2,453.905,4991.989,-540.148,2325.403,1838.024,212.174,12137.1,5.0,1355000,11195000,274.1,6.864136,4.77,3.68,78.4,171.076,92.97047619047619,164.2,165.8,147.6,15.09,303280.0,207.1,211.07,42159.0,30334.0,203.5683244809271,143.71535509546595
2008-02-01,16843.003,11293.9,453.905,4991.989,-540.148,2325.403,1838.024,212.687,12141.8,4.9,1387000,11377000,320.1,6.864136,4.77,3.68,70.8,169.19,95.386,164.4,167.5,145.6,15.16,303494.0,207.854,211.878,42016.0,30854.0,202.14188805603933,145.62153692219107
2008-03-01,16843.003,11322.1,453.905,4991.989,-540.148,2325.403,1838.024,213.448,12145.9,5.1,1817000,14564000,308.0,6.864136,4.77,3.68,69.5,167.90200000000002,105.454,169.6,169.8,145.0,15.14,303707.0,208.093,212.537,42168.0,33274.0,202.64016569514592,156.55627020236477
2008-04-01,16943.291,11340.5,430.746,5366.788,-463.669,2325.403,1892.001,213.942,12100.8,5.0,1438000,11856000,254.4,6.702785,4.9,4.36,62.6,167.321,112.58045454545454,166.7,171.2,149.0,15.18,303926.0,210.897,213.083,42584.0,32299.0,201.91847205033739,151.57943148913805
2008-05-01,16943.291,11361.6,430.746,5366.788,-463.669,2325.403,1892.001,215.208,12696.2,5.4,1834000,15068000,771.1,6.702785,4.9,4.36,59.8,167.019,125.39761904761905,169.7,174.0,150.0,15.23,304157.0,211.8,213.967,42549.0,34833.0,200.89235127478753,162.79613211383062
2008-06-01,16943.291,11340.7,430.746,5366.788,-463.669,2325.403,1892.001,217.463,12376.6,5.6,1533000,12231000,511.8,6.702785,4.9,4.36,56.4,166.53599999999997,133.88,176.2,176.1,149.5,15.19,304396.0,213.331,215.015,42683.0,33284.0,200.07875086133757,154.79850243006302
2008-07-01,16854.295,11286.0,389.049,5236.25,-442.378,2325.403,1883.563,219.016,12188.7,5.8,1592000,12705000,395.9,6.788641,4.8,5.28,61.2,165.713,133.3709090909091,174.3,180.3,151.7,15.21,304646.0,216.028,216.376,42899.0,34081.0,198.58073953376416,157.50822642067513
2008-08-01,16854.295,11284.7,389.049,5236.25,-442.378,2325.403,1883.563,218.69,12120.6,6.1,2165000,16890000,334.8,6.788641,4.8,5.28,63.0,164.27700000000002,116.66619047619047,164.7,180.5,153.5,15.27,304903.0,217.449,217.063,43063.0,34746.0,198.0372409162608,160.07334276223955
2008-09-01,16854.295,11209.7,389.049,5236.25,-442.378,2325.403,1883.563,218.877,12149.0,6.1,1856000,14087000,428.3,6.788641,4.8,5.28,70.3,161.912,104.11428571428571,163.5,179.2,151.6,15.25,305158.0,218.757,218.225,42834.0,31019.0,195.80630562679136,142.1422843395578
2008-10-01,16485.35,11192.5,232.842,5452.409,-469.031,2325.403,1772.8,216.995,12240.5,6.5,1901000,14924000,533.1,6.895996,5.64,6.58,57.6,159.162,76.6086956521739,145.3,176.4,151.9,15.22,305403.0,219.532,219.29,42768.0,32543.0,194.81442340979902,148.40165990241235
2008-11-01,16485.35,11158.2,232.842,5452.409,-469.031,2325.403,1772.8,213.153,12345.9,6.8,2599000,20483000,653.2,6.895996,5.64,6.58,55.3,156.071,57.30947368421053,143.1,173.4,156.2,15.25,305620.0,219.662,220.043,42496.0,31117.0,193.46086259799145,141.41326922465154
2008-12-01,16485.35,11125.8,232.842,5452.409,-469.031,2325.403,1772.8,211.398,12288.8,7.3,2256000,18089000,633.0,6.895996,5.64,6.58,60.1,152.54399999999998,41.121818181818185,133.9,171.1,154.4,15.28,305827.0,219.163,220.684,42136.0,32664.0,192.25872980384463,148.0125428214098
2009-01-01,16298.262,11176.3,-12.488,5533.429,-397.483,2031.762,1631.257,211.933,12361.5,7.8,2860000,24306000,646.6,6.861352,6.51,8.01,61.2,149.361,41.71,136.4,170.1,154.1,15.29,306035.0,218.953,221.319,42771.0,31486.0,195.343292852804,142.26523705601417
2009-02-01,16298.262,11130.5,-12.488,5533.429,-397.483,2031.762,1631.257,212.705,12241.9,8.3,2576000,21188000,581.6,6.861352,6.51,8.01,56.3,147.61700000000002,39.08736842105263,132.8,168.7,153.1,15.27,306237.0,217.93,221.968,42101.0,30307.0,193.18588537603816,136.5376991278022
2009-03-01,16298.262,11084.6,-12.488,5533.429,-397.483,2031.762,1631.257,212.495,12242.7,8.7,2637000,23063000,621.0,6.861352,6.51,8.01,57.3,146.514,47.939090909090915,130.6,167.6,159.4,15.32,306438.0,216.949,222.216,42069.0,33287.0,193.91193321932803,149.79569427943983
2009-04-01,16269.145,11068.0,-121.54,5680.717,-304.361,2031.762,1641.991,212.709,12320.0,9.0,2511000,24738000,706.0,6.70505,6.77,8.57,65.1,146.942,49.64666666666666,136.8,168.6,154.6,15.27,306645.0,215.807,222.905,42288.0,32410.0,195.95286529167265,145.3982638343689
2009-05-01,16269.145,11078.1,-121.54,5680.717,-304.361,2031.762,1641.991,213.022,12500.1,9.4,3060000,32628000,859.0,6.70505,6.77,8.57,68.7,148.16899999999998,59.028499999999994,137.8,170.5,156.3,15.36,306863.0,215.064,223.023,42300.0,34642.0,196.68563776364246,155.3292709720522
2009-06-01,16269.145,11081.1,-121.54,5680.717,-304.361,2031.762,1641.991,214.79,12273.2,9.5,2393000,26137000,664.5,6.70505,6.77,8.57,70.8,149.796,69.64090909090909,142.1,171.4,156.7,15.34,307090.0,214.953,223.163,42530.0,33019.0,197.85720599386843,147.95911508628222
2009-07-01,16326.281,11118.1,-147.121,5641.212,-323.978,2031.762,1702.68,214.726,12218.7,9.5,2266000,24556000,584.9,6.679269,6.49,9.48,66.0,150.748,64.15227272727272,131.6,169.7,152.0,15.38,307322.0,214.047,223.345,42480.0,33932.0,198.46108564941346,151.9263919049005
2009-08-01,16326.281,11218.0,-147.121,5641.212,-323.978,2031.762,1702.68,215.445,12194.8,9.6,2796000,30239000,475.7,6.679269,6.49,9.48,65.7,150.668,71.04476190476191,130.1,169.7,151.2,15.51,307570.0,213.769,223.675,42401.0,33681.0,198.34962038462078,150.58008270928804
2009-09-01,16326.281,11114.6,-147.121,5641.212,-323.978,2031.762,1702.68,215.861,12230.6,9.8,2190000,23939000,597.0,6.679269,6.49,9.48,73.5,149.628,69.40809523809523,126.8,169.5,149.9,15.48,307826.0,213.299,224.003,42691.0,30801.0,200.146273540898,137.50262273273125
2009-10-01,16502.754,11127.1,5.526,5693.132,-328.833,2031.762,1796.464,216.509,12193.2,10.0,2627000,28828000,556.1,6.597484,6.33,10.4,70.6,148.585,75.71545454545455,133.2,168.3,146.5,15.39,308071.0,213.472,224.224,42763.0,32351.0,200.3213536201469,144.2798273155416
2009-11-01,16502.754,11109.4,5.526,5693.132,-328.833,2031.762,1796.464,217.234,12224.4,9.9,1976000,21842000,605.7,6.597484,6.33,10.4,67.4,147.94,77.99,135.5,169.1,145.8,15.43,308289.0,213.383,224.633,42808.0,30383.0,200.61579413542785,135.2561734028393
2009-12-01,16502.754,11177.3,5.526,5693.132,-328.833,2031.762,1796.464,217.347,12280.2,9.9,1942000,20567000,601.2,6.597484,6.33,10.4,72.5,146.666,74.47,141.5,171.2,145.1,15.46,308495.0,213.839,224.789,43192.0,32427.0,201.9837354271204,144.25527939534408
2010-01-01,16582.71,11156.8,54.666,5804.973,-341.829,2295.263,1836.914,217.488,12285.8,9.8,2399000,24195000,624.2,6.375334,5.78,11.49,74.4,145.003,78.32578947368421,142.5,172.2,144.5,15.47,308706.0,214.738,224.916,43028.0,30952.0,200.3744097458298,137.61582101762437
2010-02-01,16582.71,11198.6,54.666,5804.973,-341.829,2295.263,1836.914,217.281,12292.0,9.8,1943000,19175000,591.8,6.375334,5.78,11.49,73.6,143.054,76.38736842105263,142.3,172.4,151.1,15.48,308904.0,214.728,225.081,43735.0,30536.0,203.67627882716738,135.6667155379619
2010-03-01,16582.71,11252.1,54.666,5804.973,-341.829,2295.263,1836.914,217.353,12340.3,9.9,1881000,18927000,589.6,6.375334,5.78,11.49,73.6,143.596,81.20347826086957,150.3,172.6,148.8,15.53,309095.0,215.55,224.991,43304.0,34162.0,200.90002319647414,151.83718459849504
2010-04-01,16743.162,11275.1,144.972,5872.568,-400.796,2295.263,1877.331,217.403,12447.1,9.9,1876000,18912000,670.4,6.139001,5.1,11.08,72.2,145.40200000000002,84.29285714285714,149.1,173.6,146.5,15.59,309289.0,215.721,225.276,43186.0,33799.0,200.19376880322267,150.0337363944672
2010-05-01,16743.162,11303.2,144.972,5872.568,-400.796,2295.263,1877.331,217.29,12540.3,9.6,2297000,23374000,730.5,6.139001,5.1,11.08,73.6,147.037,73.7435,150.0,175.8,144.3,15.49,309485.0,215.717,225.573,43224.0,35152.0,200.37363768270464,155.83425321292884
2010-06-01,16743.162,11330.6,144.972,5872.568,-400.796,2295.263,1877.331,217.199,12544.3,9.4,1842000,18333000,707.3,6.139001,5.1,11.08,76.0,147.703,75.3359090909091,141.6,174.6,146.9,15.51,309691.0,215.476,225.797,42920.0,34109.0,199.1869164083239,151.0604658166406
2010-07-01,16872.266,11361.7,255.321,5825.414,-426.795,2295.263,1930.963,217.605,12554.2,9.4,2296000,22643000,690.4,6.069181,4.58,10.65,67.8,147.563,76.31952380952382,146.8,174.6,145.9,15.56,309913.0,215.451,225.71,43052.0,35598.0,199.82269750430493,157.71565282885118
2010-08-01,16872.266,11389.2,255.321,5825.414,-426.795,2295.263,1930.963,217.923,12591.4,9.5,1900000,17845000,703.4,6.069181,4.58,10.65,68.9,146.42700000000002,76.59909090909092,148.4,175.3,145.2,15.54,310146.0,215.361,226.422,43258.0,34878.0,200.86273745014185,154.03980178604553
2010-09-01,16872.266,11399.9,255.321,5825.414,-426.795,2295.263,1930.963,218.275,12589.9,9.5,1814000,17871000,696.4,6.069181,4.58,10.65,68.2,144.608,75.24190476190476,154.1,177.3,151.3,15.57,310385.0,216.166,227.075,43646.0,32260.0,201.9096435147063,142.06759881096553
2010-10-01,16960.864,11428.9,234.113,5834.795,-382.601,2295.263,1983.824,219.035,12592.5,9.4,2234000,21817000,673.8,6.012881,4.14,10.32,67.7,143.128,81.89285714285714,157.4,178.2,151.2,15.63,310612.0,216.534,227.287,43493.0,34116.0,200.85991114559377,150.10097365885423
2010-11-01,16960.864,11458.0,234.113,5834.795,-382.601,2295.263,1983.824,219.59,12605.1,9.8,1705000,16782000,660.9,6.012881,4.14,10.32,71.6,141.816,84.25285714285714,162.1,179.4,152.5,15.63,310820.0,217.105,227.512,44121.0,32037.0,203.2242463324198,140.8145504412954
2010-12-01,16960.864,11473.2,234.113,5834.795,-382.601,2295.263,1983.824,220.472,12680.6,9.3,1681000,16400000,718.5,6.012881,4.14,10.32,74.5,140.625,89.14590909090909,166.8,179.8,152.3,15.65,311020.0,217.419,227.722,44184.0,34357.0,203.22050970706331,150.87255513301307
2011-01-01,16920.632,11486.0,184.548,5848.011,-377.139,2405.805,2000.839,221.187,12740.1,9.1,2134000,19592000,768.0,5.808322,3.82,10.37,74.2,139.032,89.1705,173.3,181.1,154.5,15.71,311204.0,219.251,228.181,44639.0,32237.0,203.59770308915353,141.278195818232
2011-02-01,16920.632,11482.8,184.548,5848.011,-377.139,2405.805,2000.839,221.898,12776.6,9.0,1606000,15397000,808.8,5.808322,3.82,10.37,77.5,137.727,88.57842105263158,189.8,184.6,156.1,15.72,311373.0,220.732,228.606,44961.0,32452.0,203.69044814526214,141.95602915059098
2011-03-01,16920.632,11522.6,184.548,5848.011,-377.139,2405.805,2000.839,223.046,12742.7,9.0,1624000,15062000,744.4,5.808322,3.82,10.37,67.5,137.781,102.85652173913043,185.1,187.8,155.8,15.71,311551.0,223.193,229.282,45068.0,36502.0,201.9238954626713,159.2013328564824
2011-04-01,17035.114,11508.9,247.597,5906.473,-352.145,2405.805,2034.722,224.093,12721.3,9.1,2103000,18854000,738.9,5.680167,3.65,10.55,69.8,139.156,109.5325,191.1,190.8,153.8,15.75,311740.0,224.098,230.082,45769.0,35950.0,204.23653937116796,156.24864178857973
2011-05-01,17035.114,11495.6,247.597,5906.473,-352.145,2405.805,2034.722,224.806,12705.3,9.0,1690000,15095000,741.0,5.680167,3.65,10.55,74.3,140.692,100.90047619047618,186.0,191.2,154.6,15.82,311935.0,225.295,230.501,45365.0,37165.0,201.3582192236845,161.2357430119609
2011-06-01,17035.114,11522.3,247.597,5906.473,-352.145,2405.805,2034.722,224.806,12756.9,9.1,1673000,14967000,767.9,5.680167,3.65,10.55,71.5,141.944,96.26409090909091,192.6,191.8,156.6,15.8,312147.0,225.857,231.097,45791.0,36409.0,202.74332874340843,157.54856185930583
2011-07-01,17031.313,11542.3,245.333,5852.868,-350.615,2405.805,2062.73,225.395,12805.6,9.0,2063000,18608000,796.9,5.738914,3.45,10.5,63.7,142.342,97.3035,188.4,193.4,155.4,15.96,312372.0,227.178,231.58,45797.0,37789.0,201.59082305504936,163.17903100440452
2011-08-01,17031.313,11535.3,245.333,5852.868,-350.615,2405.805,2062.73,226.106,12799.7,9.0,1638000,14864000,798.9,5.738914,3.45,10.5,55.8,141.784,86.33304347826088,192.2,195.5,160.7,15.83,312605.0,228.492,232.513,46034.0,36986.0,201.468760394237,159.07067561813747
2011-09-01,17031.313,11554.3,245.333,5852.868,-350.615,2405.805,2062.73,226.597,12781.7,9.0,1671000,14971000,761.9,5.738914,3.45,10.5,59.5,140.165,85.51523809523809,190.3,196.4,159.5,15.8,312842.0,229.927,233.032,45887.0,35130.0,199.572038081652,150.75182807511413
2011-10-01,17222.583,11575.1,400.263,5879.568,-366.665,2405.805,2078.364,226.75,12791.9,8.8,2012000,18508000,750.4,5.694596,3.25,10.25,60.8,138.405,86.32238095238095,183.5,194.4,158.2,15.94,313060.0,229.992,233.459,46001.0,36144.0,200.01130474103448,154.8194757966067
2011-11-01,17222.583,11555.7,400.263,5879.568,-366.665,2405.805,2078.364,227.169,12782.7,8.6,1557000,14610000,764.7,5.694596,3.25,10.25,63.7,136.66,97.16047619047619,186.7,194.8,157.8,16.02,313260.0,229.947,234.046,46138.0,34057.0,200.64623587174435,145.51412970099895
2011-12-01,17222.583,11560.9,400.263,5879.568,-366.665,2405.805,2078.364,227.223,12898.5,8.5,1885000,17867000,873.6,5.694596,3.25,10.25,69.9,135.162,98.56285714285715,181.3,194.2,156.3,16.03,313454.0,230.424,234.435,46078.0,37307.0,199.97048918515432,159.13579456992343
2012-01-01,17367.01,11605.5,416.375,5835.721,-353.33,2464.708,2103.747,227.842,12967.5,8.3,1511000,13805000,901.0,5.431997,3.06,10.33,75.0,134.162,100.2735,184.7,194.9,161.7,16.03,313636.0,230.948,235.268,46248.0,34564.0,200.25287077610542,146.91330737711885
2012-02-01,17367.01,11675.8,416.375,5835.721,-353.33,2464.708,2103.747,228.329,13029.6,8.3,1453000,13527000,892.1,5.431997,3.06,10.33,75.3,133.991,102.204,185.7,194.9,164.2,16.08,313811.0,230.612,235.603,46353.0,35522.0,200.99994796454652,150.77057592645255
2012-03-01,17367.01,11660.5,416.375,5835.721,-353.33,2464.708,2103.747,228.807,13066.4,8.2,1833000,16684000,935.9,5.431997,3.06,10.33,76.2,135.859,106.15772727272729,191.1,195.7,164.0,16.09,313993.0,231.051,236.073,46800.0,39577.0,202.55268317384474,167.6472955399389
2012-04-01,17444.525,11671.4,459.453,5825.179,-341.752,2464.708,2124.46,229.187,13116.5,8.2,1527000,13292000,975.7,5.353787,2.92,10.45,76.4,138.466,103.321,187.0,196.0,163.6,16.17,314176.0,231.397,236.695,46879.0,37641.0,202.59121769080843,159.0274403768563
2012-05-01,17444.525,11672.0,459.453,5825.179,-341.752,2464.708,2124.46,228.713,13112.5,8.2,1494000,13312000,972.6,5.353787,2.92,10.45,79.3,141.043,94.65454545454546,185.1,196.6,165.6,16.19,314368.0,231.32,237.262,46873.0,39103.0,202.63271658308838,164.8093668602642
2012-06-01,17444.525,11659.9,459.453,5825.179,-341.752,2464.708,2124.46,228.524,13097.2,8.2,1896000,16622000,973.9,5.353787,2.92,10.45,73.2,143.166,82.30333333333333,184.7,197.1,163.6,16.33,314576.0,231.713,237.839,46889.0,38903.0,202.35808953317252,163.5686325623636
2012-07-01,17469.65,11684.4,437.988,5834.166,-341.978,2464.708,2137.473,228.59,12999.8,8.2,1490000,13223000,860.9,5.461709,2.82,10.48,72.3,144.281,87.8952380952381,193.9,198.2,162.4,16.33,314796.0,231.658,238.337,46910.0,38988.0,202.49678405235304,163.5834973168245
2012-08-01,17469.65,11686.7,437.988,5834.166,-341.978,2464.708,2137.473,229.918,12961.6,8.1,1493000,13225000,823.7,5.461709,2.82,10.48,74.3,144.704,94.13130434782609,199.4,200.6,162.1,16.32,315031.0,231.853,239.057,47059.0,39105.0,202.96912267686852,163.58023400276923
2012-09-01,17469.65,11703.2,437.988,5834.166,-341.978,2464.708,2137.473,231.015,13053.1,7.8,1909000,16572000,895.2,5.461709,2.82,10.48,78.3,144.355,94.51368421052632,200.2,202.1,164.0,16.38,315264.0,231.789,239.565,47131.0,36535.0,203.3357924664242,152.50558303591927
2012-10-01,17489.852,11702.3,394.421,5872.55,-316.566,2464.708,2139.526,231.638,13142.0,7.8,1474000,13105000,980.7,5.348754,2.71,10.03,82.6,143.96200000000002,89.4913043478261,198.2,202.4,163.4,16.4,315485.0,232.398,239.742,47402.0,37241.0,203.96905308995775,155.33782149143664
2012-11-01,17489.852,11753.4,394.421,5872.55,-316.566,2464.708,2139.526,231.249,13315.7,7.7,1605000,13305000,1098.7,5.348754,2.71,10.03,82.7,143.953,86.53142857142858,199.8,202.6,165.0,16.35,315692.0,232.883,240.038,47310.0,36533.0,203.1492208533899,152.1967355168765
2012-12-01,17489.852,11758.3,394.421,5872.55,-316.566,2464.708,2139.526,231.221,13642.7,7.9,1795000,15951000,1408.0,5.348754,2.71,10.03,72.9,143.86,87.8595,200.0,201.7,164.9,16.48,315877.0,233.374,240.359,47142.0,39456.0,202.00193680529966,164.15445229843692
2013-01-01,17662.4,11810.6,448.06,5834.315,-303.352,2494.605,2150.631,231.679,12845.5,8.0,1412000,12531000,601.9,5.486138,2.64,9.73,73.8,144.305,94.75666666666667,202.7,200.6,166.2,16.51,316038.0,233.696,240.713,47236.0,36475.0,202.12583869642611,151.5289992646845
2013-02-01,17662.4,11808.6,448.06,5834.315,-303.352,2494.605,2150.631,232.937,12813.9,7.7,1412000,12235000,575.6,5.486138,2.64,9.73,77.6,145.157,95.30894736842104,197.5,200.6,169.1,16.52,316191.0,233.526,240.93,47729.0,36051.0,204.3840942764403,149.6326733906114
2013-03-01,17662.4,11823.8,448.06,5834.315,-303.352,2494.605,2150.631,232.282,12852.1,7.5,1759000,15189000,592.6,5.486138,2.64,9.73,78.6,147.957,92.9385,203.8,200.9,169.5,16.56,316357.0,233.58,241.409,47625.0,41469.0,203.89160030824556,171.77901403841614
2013-04-01,17709.671,11826.4,445.5,5844.61,-319.485,2494.605,2170.131,231.797,12893.4,7.6,1389000,12166000,627.6,5.3884,2.53,9.32,76.4,150.967,92.02136363636363,196.1,200.6,167.0,16.57,316535.0,233.776,242.236,47307.0,39304.0,202.36037916638148,162.2549910005119
2013-05-01,17709.671,11860.1,445.5,5844.61,-319.485,2494.605,2170.131,231.893,12954.2,7.5,1391000,12049000,657.0,5.3884,2.53,9.32,84.5,153.857,94.50954545454546,203.0,201.7,164.9,16.56,316729.0,233.184,242.642,47799.0,41206.0,204.9840469328942,169.82220720238047
2013-06-01,17709.671,11857.7,445.5,5844.61,-319.485,2494.605,2170.131,232.445,12955.7,7.5,1723000,14964000,667.8,5.3884,2.53,9.32,84.1,156.423,95.77250000000001,203.1,202.7,166.0,16.6,316934.0,233.809,243.016,47745.0,39930.0,204.20514180378,164.31016887776937
2013-07-01,17860.45,11872.3,524.555,5864.29,-318.791,2494.605,2188.712,232.9,12941.8,7.3,1384000,12081000,640.7,5.465767,2.44,8.66,85.1,158.281,104.67090909090908,200.7,203.2,171.1,16.6,317156.0,233.893,243.409,48053.0,40125.0,205.44864532072359,164.84599994248364
2013-08-01,17860.45,11890.3,524.555,5864.29,-318.791,2494.605,2188.712,233.456,12969.6,7.2,1667000,14672000,649.0,5.465767,2.44,8.66,82.1,159.388,106.57272727272726,191.4,202.3,170.0,16.69,317397.0,234.073,243.811,48182.0,41042.0,205.84176731190695,168.33530890730935
2013-09-01,17860.45,11926.1,524.555,5864.29,-318.791,2494.605,2188.712,233.544,13027.5,7.2,1256000,11583000,666.8,5.465767,2.44,8.66,77.5,159.668,106.2895,188.0,202.4,171.8,16.65,317635.0,234.04,244.036,48291.0,37387.0,206.33652367116733,153.2028061433559
2013-10-01,18016.147,11964.6,539.304,5868.976,-275.552,2494.605,2251.769,233.669,12974.6,7.2,1434000,11714000,580.6,5.581301,2.38,8.3,73.2,159.554,100.53826086956522,186.3,201.0,173.0,16.67,317864.0,234.219,244.35,48444.0,39295.0,206.83206742407748,160.81440556578679
2013-11-01,18016.147,12013.7,539.304,5868.976,-275.552,2494.605,2251.769,234.1,12998.9,6.9,1641000,14256000,559.0,5.581301,2.38,8.3,75.1,159.364,93.864,186.0,200.3,168.4,16.68,318076.0,234.144,244.97,48492.0,38973.0,207.10332103321034,159.0929501571621
2013-12-01,18016.147,12024.7,539.304,5868.976,-275.552,2494.605,2251.769,234.719,13019.1,6.7,1384000,11434000,569.8,5.581301,2.38,8.3,82.5,159.281,97.6252380952381,184.8,200.7,167.2,16.64,318276.0,234.318,245.3,48938.0,40667.0,208.8529263650253,165.7847533632287
2014-01-01,17953.974,11985.0,496.912,5904.306,-329.736,2623.351,2230.209,235.288,13079.5,6.6,1307000,11507000,661.2,5.501077,2.32,7.77,81.2,159.368,94.61714285714285,188.6,201.4,168.3,16.73,318464.0,234.722,245.481,49128.0,37597.0,209.30292005010182,153.15645610047213
2014-02-01,17953.974,12039.4,496.912,5904.306,-329.736,2623.351,2230.209,235.547,13148.0,6.7,1341000,11395000,670.5,5.501077,2.32,7.77,81.6,159.869,100.81736842105263,191.5,202.3,171.7,16.81,318642.0,235.781,246.187,49211.0,37362.0,208.71486676195283,151.76268446343633
2014-03-01,17953.974,12108.3,496.912,5904.306,-329.736,2623.351,2230.209,236.028,13219.9,6.7,1605000,13896000,671.9,5.501077,2.32,7.77,80.0,161.185,100.80380952380953,204.1,205.9,170.9,16.88,318827.0,237.055,246.878,49195.0,43237.0,207.52567969458565,175.13508696603182
2014-04-01,18185.911,12128.1,592.673,5972.949,-339.861,2623.351,2278.387,236.468,13270.2,6.2,1291000,10884000,701.2,5.398766,2.26,7.43,84.1,162.964,102.06904761904761,211.0,210.9,174.8,16.94,319020.0,237.942,247.534,49591.0,41476.0,208.41633675433508,167.55678007869628
2014-05-01,18185.911,12154.5,592.673,5972.949,-339.861,2623.351,2278.387,236.918,13312.9,6.3,1569000,13337000,718.7,5.398766,2.26,7.43,81.9,164.678,102.17714285714285,208.8,211.0,177.7,16.97,319225.0,239.611,247.952,49770.0,44415.0,207.71166599196198,179.1274117571143
2014-06-01,18185.911,12197.1,592.673,5972.949,-339.861,2623.351,2278.387,237.231,13360.4,6.1,1254000,10355000,725.5,5.398766,2.26,7.43,82.5,166.207,105.7942857142857,205.5,211.8,179.2,17.0,319438.0,239.682,248.445,50096.0,42120.0,209.0102719436587,169.5345046187285
2014-07-01,18406.941,12223.6,632.264,6043.884,-335.386,2623.351,2287.79,237.498,13386.8,6.2,1207000,10134000,723.0,5.416571,2.2,7.06,81.8,167.13099999999997,103.58863636363638,199.3,212.9,177.2,17.03,319670.0,240.154,249.21,50369.0,42995.0,209.73625257126676,172.52517956743307
2014-08-01,18406.941,12306.5,632.264,6043.884,-335.386,2623.351,2287.79,237.46,13445.9,6.1,1510000,12524000,695.8,5.416571,2.2,7.06,82.5,167.446,96.53619047619047,191.3,212.9,176.1,17.04,319919.0,240.692,249.801,50507.0,44086.0,209.84079238196531,176.48448164739133
2014-09-01,18406.941,12310.2,632.264,6043.884,-335.386,2623.351,2287.79,237.477,13486.3,5.9,1180000,9791000,726.1,5.416571,2.2,7.06,84.6,167.236,93.21190476190476,193.1,212.6,175.7,17.05,320166.0,241.328,250.57,50727.0,40450.0,210.19939667174964,161.4319351877719
2014-10-01,18500.031,12389.1,620.376,6077.435,-385.286,2623.351,2306.749,237.43,13550.7,5.7,1155000,9693000,707.1,5.485695,2.15,6.5,86.9,166.90400000000002,84.39695652173914,191.5,211.8,181.3,17.08,320403.0,241.62,251.1,50941.0,43124.0,210.83105703170267,171.74034249303068
2014-11-01,18500.031,12420.6,620.376,6077.435,-385.286,2623.351,2306.749,236.983,13624.4,5.8,1458000,12044000,744.4,5.485695,2.15,6.5,88.8,166.65200000000002,75.78947368421052,196.1,210.0,179.4,17.17,320616.0,241.912,251.987,50964.0,41392.0,210.6716491947485,164.26244211010885
2014-12-01,18500.031,12455.1,620.376,6077.435,-385.286,2623.351,2306.749,236.252,13719.1,5.6,1138000,9520000,798.7,5.485695,2.15,6.5,93.6,166.454,59.29045454545455,187.9,208.5,179.8,17.03,320815.0,242.893,252.628,51141.0,44769.0,210.54950122070213,177.21313551941986
2015-01-01,18666.621,12484.7,694.667,6108.636,-443.637,2759.524,2288.491,234.747,13797.7,5.7,1438000,11749000,835.6,5.440548,2.11,6.24,98.1,166.24200000000002,47.219,180.7,205.1,182.4,17.3,320997.0,242.553,253.037,51235.0,42328.0,211.2321843061104,167.27988396953805
2015-02-01,18666.621,12514.1,694.667,6108.636,-443.637,2759.524,2288.491,235.342,13848.0,5.5,1205000,9361000,858.9,5.440548,2.11,6.24,95.4,166.623,50.58421052631579,173.2,202.5,183.6,17.33,321164.0,242.598,253.719,51322.0,40869.0,211.55162037609543,161.07977723386898
2015-03-01,18666.621,12551.8,694.667,6108.636,-443.637,2759.524,2288.491,235.976,13811.3,5.4,1136000,9306000,790.5,5.440548,2.11,6.24,93.0,168.081,47.82363636363636,175.5,201.8,180.9,17.27,321344.0,241.633,254.108,51273.0,46920.0,212.19369870837178,184.64589859429847
2015-04-01,18782.243,12574.8,665.704,6059.634,-458.897,2759.524,2294.628,236.222,13842.0,5.4,1144000,9126000,793.7,5.46212,2.12,5.82,95.9,169.965,54.45285714285714,175.8,201.2,181.4,17.36,321538.0,241.106,254.727,51136.0,45691.0,212.08928852869693,179.3724261660523
2015-05-01,18782.243,12612.7,665.704,6059.634,-458.897,2759.524,2294.628,237.001,13865.6,5.6,1370000,11302000,777.4,5.46212,2.12,5.82,90.7,171.84599999999998,59.265,179.0,202.6,186.0,17.39,321740.0,241.107,255.322,51191.0,48714.0,212.31652336929247,190.79436946287433
2015-06-01,18782.243,12621.6,665.704,6059.634,-458.897,2759.524,2294.628,237.657,13874.1,5.3,1095000,9095000,772.9,5.46212,2.12,5.82,96.1,173.446,59.819545454545455,181.6,204.6,186.6,17.42,321954.0,241.922,255.846,51404.0,46060.0,212.48170898058052,180.03017440178857
2015-07-01,18857.418,12668.4,639.421,6226.8,-496.2,2759.524,2276.101,238.034,13905.7,5.2,1111000,8979000,757.3,5.552772,2.15,5.39,93.1,174.491,50.90090909090909,178.9,203.5,186.0,17.49,322186.0,242.25,255.905,51572.0,47018.0,212.8875128998968,183.7322443875657
2015-08-01,18857.418,12699.7,639.421,6226.8,-496.2,2759.524,2276.101,238.033,13935.8,5.1,1376000,11270000,756.5,5.552772,2.15,5.39,91.9,174.93,42.86761904761905,178.2,203.5,185.9,17.54,322427.0,242.864,256.449,51526.0,46831.0,212.15989195599184,182.61330712929276
2015-09-01,18857.418,12707.2,639.421,6226.8,-496.2,2759.524,2276.101,237.498,13972.2,5.0,1078000,8972000,784.3,5.552772,2.15,5.39,87.2,175.03400000000002,45.47952380952381,170.7,201.4,187.4,17.65,322670.0,243.198,257.83,51419.0,43585.0,211.4285479321376,169.04549509366637
2015-10-01,18892.206,12715.9,591.647,6247.224,-507.13,2759.524,2273.012,237.733,13996.9,5.0,1335000,11038000,796.9,5.712078,2.16,5.11,90.0,175.03799999999998,46.22363636363636,167.1,199.5,189.5,17.68,322901.0,243.284,258.363,51280.0,46476.0,210.7824600055902,179.88643884766782
2015-11-01,18892.206,12737.0,591.647,6247.224,-507.13,2759.524,2273.012,238.017,13993.4,5.1,1074000,8834000,770.5,5.712078,2.16,5.11,91.3,175.128,42.4435,164.4,198.1,188.1,17.68,323113.0,242.606,258.805,51596.0,43682.0,212.67404763278734,168.78344699677362
2015-12-01,18892.206,12777.3,591.647,6247.224,-507.13,2759.524,2273.012,237.761,14060.2,5.0,1084000,8815000,792.3,5.712078,2.16,5.11,92.6,175.1,37.18863636363636,160.4,195.1,193.8,17.7,323318.0,241.88,259.097,51376.0,47966.0,212.40284438564578,185.12757770255928
2016-01-01,19001.69,12798.7,528.095,6313.945,-510.318,2799.72,2266.512,237.652,14121.1,4.8,1398000,11038000,834.8,5.672469,2.15,4.79,92.0,175.021,31.683157894736844,166.5,193.4,193.0,17.7,323509.0,241.558,259.958,51598.0,44115.0,213.60501411669247,169.70049007916663
2016-02-01,19001.69,12884.0,528.095,6313.945,-510.318,2799.72,2266.512,237.336,14135.3,4.9,1067000,8802000,768.3,5.672469,2.15,4.79,91.7,175.267,30.323,163.6,194.3,191.5,17.73,323687.0,241.741,260.319,51578.0,45179.0,213.36058012500982,173.5524491105144
2016-03-01,19001.69,12836.1,528.095,6313.945,-510.318,2799.72,2266.512,238.08,14135.4,5.0,1053000,8669000,821.3,5.672469,2.15,4.79,91.0,176.59099999999998,37.54636363636364,161.9,194.1,191.9,17.8,323871.0,240.414,260.883,51172.0,49151.0,212.8495012769639,188.40246393977378
2016-04-01,19062.709,12870.2,499.232,6317.603,-496.323,2799.72,2284.053,238.992,14106.2,5.1,1330000,10745000,765.2,5.698551,2.21,4.58,89.0,178.488,40.7552380952381,158.9,194.8,193.6,17.8,324061.0,240.341,261.517,51832.0,48963.0,215.66024939565034,187.22683420198305
2016-05-01,19062.709,12891.2,499.232,6317.603,-496.323,2799.72,2284.053,239.557,14095.5,4.8,1098000,8679000,732.0,5.698551,2.21,4.58,94.7,180.337,46.712380952380954,162.7,195.7,195.0,17.83,324260.0,239.348,262.074,51957.0,49712.0,217.07722646523052,189.68688233094468
2016-06-01,19062.709,12948.6,499.232,6317.603,-496.323,2799.72,2284.053,240.222,14104.9,4.9,1061000,8627000,682.3,5.698551,2.21,4.58,93.5,181.907,48.75727272727273,166.7,197.5,193.9,17.9,324476.0,238.763,262.529,52276.0,47906.0,218.94514644228795,182.4788880466539
2016-07-01,19197.938,12972.2,491.415,6406.46,-479.531,2799.72,2321.136,240.101,14160.1,4.8,1297000,10673000,709.5,5.778718,2.29,4.38,90.0,183.008,44.6515,160.8,197.3,193.8,17.86,324697.0,238.38,263.051,51976.0,49407.0,218.03842604245324,187.82289365940446
2016-08-01,19197.938,12986.1,491.415,6406.46,-479.531,2799.72,2321.136,240.545,14176.7,4.9,1054000,8580000,714.4,5.778718,2.29,4.38,89.8,183.645,44.72434782608696,152.9,196.2,191.7,17.88,324924.0,238.133,263.649,52212.0,48499.0,219.25562605770725,183.95290708479834
2016-09-01,19197.938,13020.9,491.415,6406.46,-479.531,2799.72,2321.136,241.176,14209.1,5.0,1006000,8438000,716.0,5.778718,2.29,4.38,91.2,183.933,45.18238095238095,149.2,196.1,192.5,17.9,325155.0,237.88,264.102,52510.0,46245.0,220.74155036152683,175.10280119044916
2016-10-01,19304.352,13014.9,548.307,6454.322,-537.183,2799.72,2303.823,241.741,14235.4,4.9,1279000,10363000,745.1,5.880476,2.37,4.14,87.2,184.006,49.775238095238095,140.7,194.6,191.7,17.95,325368.0,237.714,264.459,52818.0,47842.0,222.19137282616927,180.90516866508608
2016-11-01,19304.352,13036.8,548.307,6454.322,-537.183,2799.72,2303.823,242.026,14273.6,4.7,983000,8179000,759.0,5.880476,2.37,4.14,93.8,184.217,45.66095238095238,147.6,193.4,191.9,18.07,325562.0,237.438,264.699,52834.0,46138.0,222.51703602624687,174.30364300582926
2016-12-01,19304.352,13128.5,548.307,6454.322,-537.183,2799.72,2303.823,242.637,14313.7,4.7,1261000,10242000,706.5,5.880476,2.37,4.14,98.2,184.389,51.9704761904762,153.1,194.5,192.4,17.89,325742.0,237.147,265.104,53210.0,50168.0,224.37559825762082,189.23894018951054
2017-01-01,19398.343,13136.3,505.484,6497.531,-525.099,2931.589,2359.904,243.618,14373.7,4.7,976000,8324000,762.6,5.74436,2.4,3.91,98.5,184.642,52.504,156.1,195.2,193.2,17.97,325901.0,237.072,266.079,53316.0,46469.0,224.89370317878112,174.64362087951324
2017-02-01,19398.343,13143.4,505.484,6497.531,-525.099,2931.589,2359.904,244.006,14416.8,4.6,921000,8239000,800.6,5.74436,2.4,3.91,96.3,185.01,53.46842105263158,160.3,195.5,193.8,17.98,326050.0,237.824,266.626,53687.0,45935.0,225.74256593110871,172.28252308477045
2017-03-01,19398.343,13201.7,505.484,6497.531,-525.099,2931.589,2359.904,243.892,14476.3,4.4,935000,8070000,803.7,5.74436,2.4,3.91,96.9,186.518,49.32782608695652,162.8,196.7,195.4,18.01,326207.0,238.387,267.055,54117.0,52500.0,227.01321800265953,196.58871767987867
2017-04-01,19506.949,13206.1,549.561,6527.353,-544.566,2931.589,2367.862,244.193,14509.3,4.4,1139000,9777000,827.3,5.787621,2.49,3.68,97.0,188.531,51.060526315789474,165.5,197.2,195.9,18.03,326371.0,238.568,267.652,54199.0,50879.0,227.1847020555984,190.09385321238025
2017-05-01,19506.949,13214.5,549.561,6527.353,-544.566,2931.589,2367.862,244.004,14610.7,4.4,956000,7585000,914.7,5.787621,2.49,3.68,97.1,190.526,48.47636363636364,167.3,198.9,193.9,18.11,326548.0,238.893,268.128,54318.0,52483.0,227.37376147480254,195.73860245852728
2017-06-01,19506.949,13256.7,549.561,6527.353,-544.566,2931.589,2367.862,244.163,14618.7,4.3,992000,7667000,874.2,5.787621,2.49,3.68,95.0,192.252,45.177727272727275,167.6,201.3,194.2,18.13,326743.0,238.494,268.225,54152.0,51654.0,227.05812305550663,192.57712741168794
2017-07-01,19660.766,13290.1,580.906,6635.02,-541.784,2931.589,2381.788,244.243,14660.2,4.3,1254000,9636000,882.1,5.841377,2.54,3.64,93.4,193.496,46.630526315789474,169.4,200.3,193.1,18.18,326939.0,238.904,268.649,54139.0,51813.0,226.61403743763185,192.86503951252377
2017-08-01,19660.766,13291.7,580.906,6635.02,-541.784,2931.589,2381.788,245.183,14678.3,4.4,991000,7694000,902.4,5.841377,2.54,3.64,96.8,194.33,48.03695652173913,158.2,200.3,193.1,18.23,327140.0,238.804,269.522,54430.0,51573.0,227.92750540191957,191.34987125355258
2017-09-01,19660.766,13364.4,580.906,6635.02,-541.784,2931.589,2381.788,246.435,14706.0,4.3,1362000,9464000,864.6,5.841377,2.54,3.64,95.1,194.801,49.822,156.1,198.5,196.9,18.22,327342.0,238.852,270.353,55012.0,49037.0,230.31835613685462,181.38137915983916
2017-10-01,19882.352,13377.0,605.796,6693.791,-561.864,2931.589,2443.487,246.626,14748.6,4.2,969000,7611000,887.7,5.87373,2.48,3.57,100.7,195.068,51.57772727272727,156.3,198.0,194.9,18.24,327528.0,239.02,270.658,55200.0,49998.0,230.94301732072628,184.72758979967338
2017-11-01,19882.352,13450.3,605.796,6693.791,-561.864,2931.589,2443.487,247.284,14771.1,4.2,991000,7854000,831.9,5.87373,2.48,3.57,98.5,195.435,56.63857142857143,161.6,196.9,193.0,18.26,327699.0,238.94,271.152,55239.0,48140.0,231.18356072654223,177.53879742727327
2017-12-01,19882.352,13555.4,605.796,6693.791,-561.864,2931.589,2443.487,247.805,14797.9,4.1,1213000,9855000,748.0,5.87373,2.48,3.57,95.9,195.832,57.8815,160.5,196.6,190.3,18.28,327848.0,239.371,271.811,55885.0,53647.0,233.46604225240316,197.3687599103789
2018-01-01,20044.077,13541.3,638.473,6788.117,-558.487,3049.962,2459.308,248.859,14886.6,4.0,941000,7918000,854.7,5.72051,2.5,3.48,95.7,196.101,63.698571428571434,160.6,196.6,195.0,18.39,327969.0,239.854,272.772,55336.0,47861.0,230.70701343317182,175.46155763788073
2018-02-01,20044.077,13547.3,638.473,6788.117,-558.487,3049.962,2459.308,249.529,14921.1,4.1,884000,7897000,885.2,5.72051,2.5,3.48,99.7,196.891,62.22947368421052,162.3,197.2,199.8,18.42,328085.0,239.187,273.435,55555.0,47608.0,232.26596763202014,174.1108490134767
2018-03-01,20044.077,13586.5,638.473,6788.117,-558.487,3049.962,2459.308,249.577,14974.8,4.0,1129000,9727000,900.8,5.72051,2.5,3.48,101.4,198.558,62.724761904761905,169.1,198.9,199.9,18.46,328219.0,239.149,273.733,55716.0,55373.0,232.97609440139829,202.288361286363
2018-04-01,20150.476,13598.7,606.634,6899.997,-549.033,3049.962,2472.656,250.227,15007.2,4.0,886000,7510000,919.9,5.71408,2.5,3.22,98.8,200.597,66.25380952380952,163.7,199.4,197.2,18.57,328364.0,239.541,274.393,55859.0,52256.0,233.1918126750744,190.44217600303216
2018-05-01,20150.476,13640.5,606.634,6899.997,-549.033,3049.962,2472.656,250.792,15057.8,3.8,885000,7022000,927.3,5.71408,2.5,3.22,98.0,202.43400000000003,69.97818181818182,167.9,201.1,202.4,18.69,328521.0,238.884,275.307,55897.0,55979.0,233.9922305386715,203.333006425554
2018-06-01,20150.476,13653.7,606.634,6899.997,-549.033,3049.962,2472.656,251.018,15119.3,4.0,1113000,8397000,972.6,5.71408,2.5,3.22,98.2,204.026,67.87333333333333,166.2,200.2,201.5,18.63,328692.0,239.048,275.808,55696.0,56133.0,232.99086375957967,203.52201531500174
2018-07-01,20276.154,13682.7,707.824,6987.389,-622.384,3049.962,2441.791,251.214,15184.7,3.8,838000,6616000,1004.3,5.706164,2.52,2.99,97.9,204.935,70.98142857142857,161.0,198.8,199.2,18.74,328863.0,239.565,276.125,56057.0,56410.0,233.99494917871976,204.2915346310548
2018-08-01,20276.154,13711.5,707.824,6987.389,-622.384,3049.962,2441.791,251.663,15238.6,3.8,834000,6456000,1027.5,5.706164,2.52,2.99,96.2,205.313,68.05565217391305,152.7,197.7,202.0,18.86,329040.0,239.795,276.648,55937.0,56602.0,233.27008486415482,204.59934646192994
2018-09-01,20276.154,13687.1,707.824,6987.389,-622.384,3049.962,2441.791,252.182,15237.5,3.7,1026000,7755000,1053.7,5.706164,2.52,2.99,100.1,205.359,70.2321052631579,149.7,197.1,199.5,18.93,329216.0,239.967,277.258,56177.0,51448.0,234.10302249892692,185.5600199092542
2018-10-01,20304.874,13727.1,703.69,7070.96,-644.254,3049.962,2451.936,252.772,15274.1,3.8,852000,6371000,1053.7,5.750987,2.54,2.83,98.6,205.354,70.74869565217391,153.4,197.4,207.4,19.03,329379.0,239.558,277.513,56408.0,52869.0,235.466985030765,190.5099941264013
2018-11-01,20304.874,13800.3,703.69,7070.96,-644.254,3049.962,2451.936,252.594,15315.2,3.8,901000,6740000,1021.3,5.750987,2.54,2.83,97.5,205.092,56.963499999999996,158.0,197.2,201.5,19.06,329527.0,240.227,278.306,56569.0,50969.0,235.48144047088795,183.14014070842887
2018-12-01,20304.874,13682.3,703.69,7070.96,-644.254,3049.962,2451.936,252.767,15506.5,3.9,1123000,8748000,1338.9,5.750987,2.54,2.83,98.3,204.681,49.522777777777776,165.9,198.0,198.3,19.23,329659.0,241.137,279.419,56629.0,55109.0,234.8416045650398,197.2271033823756
2019-01-01,20431.641,13721.7,715.363,7216.717,-619.366,3085.859,2474.928,252.561,15536.3,4.0,891000,7118000,1332.5,5.658186,2.54,2.69,91.2,204.182,51.37571428571429,161.7,198.3,198.2,19.32,329766.0,241.581,280.38,57470.0,49904.0,237.8912248893746,177.9870176189457
2019-02-01,20431.641,13728.5,715.363,7216.717,-619.366,3085.859,2474.928,253.319,15560.4,3.8,890000,7206000,1353.7,5.658186,2.54,2.69,93.8,204.406,54.95473684210527,160.6,198.8,204.5,19.39,329862.0,242.111,281.373,56351.0,49623.0,232.7486153045504,176.36020513695345
2019-03-01,20431.641,13824.8,715.363,7216.717,-619.366,3085.859,2474.928,254.277,15566.5,3.8,1059000,8901000,1263.7,5.658186,2.54,2.69,98.4,205.755,58.151428571428575,160.4,199.4,206.2,19.41,329977.0,242.482,281.887,57446.0,57771.0,236.90830659595352,204.94382500789322
2019-04-01,20602.275,13825.9,717.868,7298.921,-649.034,3085.859,2462.392,255.233,15534.2,3.7,839000,6666000,1225.4,5.693595,2.59,2.6,97.2,207.672,63.862380952380946,162.9,201.1,205.5,19.47,330103.0,241.219,282.798,57652.0,55241.0,239.00273195726706,195.3373079017532
2019-05-01,20602.275,13877.1,717.868,7298.921,-649.034,3085.859,2462.392,255.296,15532.4,3.6,874000,6512000,1166.7,5.693595,2.59,2.6,100.0,209.337,60.82681818181818,161.5,202.0,204.3,19.53,330240.0,241.642,283.394,57652.0,59244.0,238.58435205800316,209.05170892820595
2019-06-01,20602.275,13924.1,717.868,7298.921,-649.034,3085.859,2462.392,255.213,15562.1,3.6,1126000,8155000,1142.3,5.693595,2.59,2.6,98.2,210.571,54.657500000000006,165.8,202.2,204.7,19.65,330393.0,241.214,284.316,57913.0,58479.0,240.0897128690706,205.68311315578444
2019-07-01,20843.322,13989.9,711.357,7393.724,-634.972,3085.859,2462.912,255.802,15581.4,3.7,834000,6524000,1093.5,5.749374,2.6,2.44,98.4,211.321,57.35809523809524,164.2,202.0,202.7,19.72,330553.0,240.988,284.891,58604.0,59033.0,243.18223314023936,207.21258305808186
2019-08-01,20843.322,14043.6,711.357,7393.724,-634.972,3085.859,2462.912,256.036,15664.3,3.6,1055000,8098000,1122.6,5.749374,2.6,2.44,89.8,211.68,54.80590909090909,156.8,202.2,203.4,19.78,330729.0,240.943,285.507,58671.0,59821.0,243.50572542053513,209.52551075805496
2019-09-01,20843.322,14066.2,711.357,7393.724,-634.972,3085.859,2462.912,256.43,15697.5,3.5,838000,6324000,1135.7,5.749374,2.6,2.44,93.2,211.858,56.947,151.5,202.2,205.2,19.84,330904.0,241.409,286.246,58124.0,54560.0,240.7698138843208,190.6052835672813
2019-10-01,20985.448,14067.2,627.364,7489.057,-561.926,3085.859,2477.908,257.155,15718.1,3.6,849000,6474000,1154.2,5.80925,2.61,2.34,95.5,211.952,53.96304347826087,161.1,201.8,205.7,19.89,331066.0,241.999,286.791,57880.0,56553.0,239.17454204356216,197.19238051403286
2019-11-01,20985.448,14142.8,627.364,7489.057,-561.926,3085.859,2477.908,257.879,15766.9,3.6,1122000,8426000,1127.6,5.80925,2.61,2.34,96.8,212.091,57.048947368421054,165.6,203.2,206.5,19.96,331213.0,242.726,287.255,58049.0,55186.0,239.15443751390455,192.11501975596596
2019-12-01,20985.448,14165.7,627.364,7489.057,-561.926,3085.859,2477.908,258.63,15683.8,3.6,944000,7078000,1020.1,5.80925,2.61,2.34,99.3,212.223,59.81666666666667,166.3,203.0,205.0,20.05,331345.0,242.887,288.078,58537.0,58634.0,241.00507643472068,203.53515367365785
2020-01-01,20693.238,14217.4,494.258,7547.32,-557.833,2808.766,2371.835,259.127,15857.3,3.6,862000,7201000,1160.7,5.673133,2.69,2.35,99.8,212.385,57.519047619047626,169.5,202.4,209.4,20.12,331443.0,243.511,289.137,57885.0,55069.0,237.71000078025224,190.45988579808187
2020-02-01,20693.238,14191.1,494.258,7547.32,-557.833,2808.766,2371.835,259.25,15916.8,3.5,1051000,8851000,1253.8,5.673133,2.69,2.35,101.0,213.205,50.54263157894737,160.8,200.9,213.1,20.24,331525.0,244.2,289.781,57922.0,56078.0,237.1908271908272,193.51855366638944
2020-03-01,20693.238,13249.3,494.258,7547.32,-557.833,2808.766,2371.835,258.076,15704.9,4.4,9341000,14839000,2032.2,5.673133,2.69,2.35,89.1,215.179,29.207727272727276,157.5,201.0,217.3,20.43,331667.0,245.017,290.216,74168.0,43236.0,302.70552655530025,148.978691733054
2020-04-01,19056.617,11786.8,8.609,10844.54,-557.937,2808.766,1870.98,256.032,18030.2,14.8,18653000,68128000,5981.6,4.711226,2.45,2.54,71.8,217.221,16.547619047619047,140.4,201.7,219.2,21.11,331750.0,251.063,290.639,64097.0,28333.0,255.3024539657377,97.4851964120438
2020-05-01,19056.617,12755.2,8.609,10844.54,-557.937,2808.766,1870.98,255.802,17114.4,13.2,10867000,101632000,4047.3,4.711226,2.45,2.54,72.3,218.467,28.5625,148.8,216.3,215.1,20.68,331751.0,253.23,291.709,64573.0,40950.0,254.99743316352723,140.37962490015735
2020-06-01,19056.617,13473.5,8.609,10844.54,-557.937,2808.766,1870.98,257.042,17047.5,11.0,5961000,70714000,3260.5,4.711226,2.45,2.54,78.1,219.794,38.307272727272725,151.4,204.4,208.9,20.58,331795.0,254.674,293.219,63140.0,50011.0,247.9247979770216,170.5585245158056
2020-07-01,20548.793,13682.1,503.914,9810.056,-730.558,2808.766,2104.963,258.352,17195.8,10.2,5534000,66252000,3206.8,4.845571,1.99,2.83,72.5,221.554,40.710454545454546,151.4,202.1,214.5,20.95,331861.0,252.003,294.599,63546.0,52982.0,252.16366471827718,179.84446654605074
2020-08-01,20548.793,13783.9,503.914,9810.056,-730.558,2808.766,2104.963,259.316,16524.8,8.4,4612000,70067000,2406.2,4.845571,1.99,2.83,74.1,224.036,42.33904761904762,149.0,201.5,216.1,21.12,331936.0,252.148,295.437,62387.0,54384.0,247.42214889667974,184.07985458828784
2020-09-01,20548.793,13973.0,503.914,9810.056,-730.558,2808.766,2104.963,259.997,16616.5,7.8,3407000,47297000,2294.3,4.845571,1.99,2.83,80.4,226.787,39.63428571428571,157.0,201.8,208.9,21.27,332017.0,251.166,297.08,62303.0,52242.0,248.05507114816496,175.851622458597
2020-10-01,20771.691,14013.4,550.615,8560.619,-807.391,2808.766,2233.569,260.319,16552.9,6.9,3977000,39357000,2193.9,4.996644,2.1,2.75,81.8,229.797,39.39590909090909,169.9,203.2,213.8,21.08,332092.0,251.641,297.893,61887.0,54660.0,245.93369125063086,183.48870231928916
2020-11-01,20771.691,13977.9,550.615,8560.619,-807.391,2808.766,2233.569,260.911,16350.6,6.7,3005000,23793000,2032.7,4.996644,2.1,2.75,76.9,232.299,40.93736842105263,173.0,205.0,211.9,21.21,332129.0,251.365,298.253,62798.0,48585.0,249.82793945059973,162.89861292258587
2020-12-01,20771.691,14032.9,550.615,8560.619,-807.391,2808.766,2233.569,262.045,16391.2,6.7,3347000,21538000,2038.0,4.996644,2.1,2.75,80.7,234.348,47.025,166.3,204.6,208.8,21.32,332113.0,252.536,299.369,62749.0,49382.0,248.47546488421452,164.9536191121993
2021-01-01,21058.379,14221.4,485.832,11186.668,-866.766,3220.838,2235.418,262.639,18146.5,6.4,4139000,24723000,3693.0,4.305925,1.88,2.68,79.0,236.42,52.008421052631576,178.8,205.0,213.2,21.33,332058.0,252.588,300.382,63472.0,50362.0,251.28668028568262,167.6598464621715
2021-02-01,21058.379,14078.8,485.832,11186.668,-866.766,3220.838,2235.418,263.573,16633.9,6.2,3020000,17727000,2239.0,4.305925,1.88,2.68,76.8,239.2,59.04631578947369,182.5,208.6,213.1,21.22,332034.0,252.945,300.54,63821.0,47552.0,252.31176738026053,158.22186730551672
2021-03-01,21058.379,14685.5,485.832,11186.668,-866.766,3220.838,2235.418,264.847,20445.8,6.1,2677000,15901000,5671.7,4.305925,1.88,2.68,84.9,244.195,62.333043478260876,184.3,211.8,213.9,21.42,332074.0,253.136,300.897,64006.0,61303.0,252.8522217306112,203.73416817050352
2021-04-01,21389.005,14791.6,390.742,9616.591,-911.456,3220.838,2253.207,266.625,17335.4,6.1,2356000,15152000,2236.0,4.66461,1.59,2.47,88.3,249.801,61.71666666666666,192.8,217.7,216.7,21.6,332140.0,254.204,301.819,64604.0,63009.0,254.1423423706944,208.76419310911504
2021-05-01,21389.005,14748.9,390.742,9616.591,-911.456,3220.838,2253.207,268.404,16836.3,5.8,2346000,18108000,1750.8,4.66461,1.59,2.47,82.9,255.424,65.1695,211.7,223.9,211.2,21.8,332212.0,254.972,303.481,65195.0,67905.0,255.69474295216727,223.75371110547283
2021-06-01,21389.005,14886.8,390.742,9616.591,-911.456,3220.838,2253.207,270.71,16757.8,5.9,1639000,13197000,1523.5,4.66461,1.59,2.47,85.5,261.147,71.37818181818182,207.0,228.9,211.4,21.91,332299.0,257.066,305.634,65814.0,67739.0,256.01985482327495,221.6343731391141
2021-07-01,21571.421,14851.6,518.726,9268.372,-971.966,3220.838,2258.262,271.965,16867.8,5.4,1850000,15054000,1688.1,4.738679,1.53,2.3,81.2,265.482,72.4852380952381,201.463,225.335,210.333,21.94,332455.0,258.4,308.023,65850.0,71423.0,254.83746130030963,231.87554176149183
2021-08-01,21571.421,14943.5,518.726,9268.372,-971.966,3220.838,2258.262,272.752,16832.4,5.1,1440000,11145000,1557.5,4.738679,1.53,2.3,70.3,268.756,67.73045454545455,202.896,229.188,216.455,22.0,332644.0,259.572,309.336,67509.0,68144.0,260.07812861171465,220.29120438616908
2021-09-01,21571.421,14977.9,518.726,9268.372,-971.966,3220.838,2258.262,273.942,16641.8,4.7,1422000,10892000,1315.7,4.738679,1.53,2.3,72.8,271.407,71.64619047619047,197.868,231.889,217.862,22.13,332805.0,262.346,310.996,67771.0,64166.0,258.32678981192777,206.3241970957826
2021-10-01,21960.388,15079.2,784.187,8877.427,-996.019,3220.838,2390.257,276.528,16648.1,4.5,1424000,11800000,1217.0,4.823878,1.57,2.29,71.7,273.61400000000003,81.47666666666666,197.416,229.355,220.918,22.27,332961.0,265.084,313.592,68142.0,67345.0,257.0581400612636,214.75356514196793
2021-11-01,21960.388,15113.7,784.187,8877.427,-996.019,3220.838,2390.257,278.824,16598.3,4.2,946000,7694000,1136.5,4.823878,1.57,2.29,67.4,275.981,79.14750000000001,206.125,229.493,220.922,22.36,333117.0,267.315,315.481,68218.0,63282.0,255.19705216691918,200.5889419648093
2021-12-01,21960.388,15067.9,784.187,8877.427,-996.019,3220.838,2390.257,280.806,16525.4,3.9,865000,6866000,1119.6,4.823878,1.57,2.29,70.6,278.555,71.71181818181819,213.525,229.617,222.52,22.47,333260.0,268.962,317.372,68824.0,67838.0,255.88744878458667,213.74916501770792
2022-01-01,21903.85,15093.0,851.221,8404.103,-1132.084,3497.605,2362.172,282.542,16143.2,4.0,1188000,8506000,663.3,4.862815,1.69,2.09,67.2,281.932,83.22200000000001,220.224,234.274,230.005,22.58,333360.0,271.278,319.471,69283.0,60692.0,255.39483481889425,189.97655499247193
2022-02-01,21903.85,15101.9,851.221,8404.103,-1132.084,3497.605,2362.172,284.525,16143.0,3.8,878000,6525000,657.7,4.862815,1.69,2.09,62.8,287.152,91.64105263157894,230.899,238.775,228.134,22.63,333457.0,274.848,320.88,69294.0,62392.0,252.11753405518687,194.4402892046871
2022-03-01,21903.85,15175.2,851.221,8404.103,-1132.084,3497.605,2362.172,287.467,16065.5,3.7,860000,6165000,491.2,4.862815,1.69,2.09,59.4,294.95,108.50260869565217,250.299,242.416,231.112,22.82,333610.0,278.588,321.689,70083.0,72505.0,251.56503510560395,225.38849634274095
2022-04-01,21919.222,15234.1,775.312,8902.328,-1111.239,3497.605,2433.713,288.582,16063.7,3.7,1066000,7147000,410.8,5.007681,1.83,1.96,65.2,301.573,101.7775,261.884,249.122,234.689,22.78,333792.0,281.629,323.559,70380.0,73758.0,249.90324149856724,227.95842489314157
2022-05-01,21919.222,15207.7,775.312,8902.328,-1111.239,3497.605,2433.713,291.299,16049.1,3.6,840000,5465000,421.5,5.007681,1.83,1.96,58.4,306.338,109.55238095238094,263.817,253.635,238.946,22.83,333976.0,285.414,325.952,71182.0,76988.0,249.39911847351567,236.1942862752798
2022-06-01,21919.222,15217.8,775.312,8902.328,-1111.239,3497.605,2433.713,295.072,16015.9,3.6,854000,5473000,370.5,5.007681,1.83,1.96,50.0,308.136,114.83714285714285,261.408,256.04,247.067,22.89,334168.0,288.583,329.033,71725.0,75107.0,248.5420139093432,228.26585783188918
2022-07-01,22066.784,15210.5,778.478,8985.644,-978.244,3497.605,2517.458,294.94,16219.1,3.5,1091000,6975000,593.2,5.003457,2.05,1.84,51.5,306.978,101.619,254.119,256.595,242.505,23.07,334393.0,292.287,331.342,71705.0,77388.0,245.32394530033838,233.55928315758342
2022-08-01,22066.784,15297.4,778.478,8985.644,-978.244,3497.605,2517.458,295.162,16314.4,3.6,866000,5676000,584.1,5.003457,2.05,1.84,58.2,303.561,93.66521739130435,246.943,256.454,247.153,23.07,334652.0,294.799,334.212,71934.0,76607.0,244.0103256795308,229.21678455591064
2022-09-01,22066.784,15324.8,778.478,8985.644,-978.244,3497.605,2517.458,296.421,16372.3,3.5,791000,5578000,600.9,5.003457,2.05,1.84,58.6,300.396,84.25809523809524,247.386,255.916,251.248,23.11,334912.0,296.302,337.369,72470.0,72982.0,244.58154180532023,216.32692986018276
2022-10-01,22249.459,15350.3,893.983,9287.529,-945.263,3497.605,2510.25,297.979,16424.3,3.6,1012000,7065000,615.0,5.133796,2.26,1.79,59.9,298.61,87.5547619047619,249.274,254.032,262.53,23.28,335155.0,297.943,340.532,73214.0,75597.0,245.73156610492612,221.99675801393116
2022-11-01,22249.459,15305.5,893.983,9287.529,-945.263,3497.605,2510.25,298.708,16436.5,3.6,843000,5839000,669.1,5.133796,2.26,1.79,56.7,296.79400000000004,84.37047619047618,261.427,256.049,259.741,23.5,335386.0,299.267,342.266,73438.0,70270.0,245.39291001012475,205.3081521389796
2022-12-01,22249.459,15316.2,893.983,9287.529,-945.263,3497.605,2510.25,298.808,16497.5,3.5,1040000,7828000,715.8,5.133796,2.26,1.79,59.8,294.286,76.43714285714286,260.716,254.159,255.255,23.43,335604.0,300.553,343.559,73347.0,76870.0,244.0401526519449,223.74613967324387
2023-01-01,22403.435,15524.8,769.193,9521.912,-926.041,3456.609,2522.456,300.456,16808.5,3.5,814000,6410000,841.4,5.019168,2.47,1.74,64.9,292.777,78.123,246.265,255.188,261.25,23.54,335807.0,301.853,345.677,72793.0,73657.0,241.15380665423234,213.08041900386775
2023-02-01,22403.435,15521.4,769.193,9521.912,-926.041,3456.609,2522.456,301.476,16879.1,3.6,860000,6575000,930.8,5.019168,2.47,1.74,66.9,293.552,76.83263157894737,242.129,252.191,263.912,23.77,336015.0,302.603,347.869,73572.0,71544.0,243.13043823094947,205.66362625011138
2023-03-01,22403.435,15484.4,769.193,9521.912,-926.041,3456.609,2522.456,301.643,16968.0,3.5,915000,6723000,1079.8,5.019168,2.47,1.74,62.0,297.487,73.27782608695652,241.473,254.266,267.35,23.69,336232.0,301.822,349.944,73158.0,81606.0,242.38789750250146,233.19731156985117
2023-04-01,22539.418,15536.7,808.258,9751.376,-929.624,3456.609,2491.635,302.858,16983.3,3.4,1083000,8568000,1017.1,5.083486,2.76,1.72,63.7,301.611,79.44631578947369,245.397,253.399,267.356,23.82,336451.0,301.806,351.237,72913.0,79214.0,241.58896774749343,225.52863166465946
2023-05-01,22539.418,15546.1,808.258,9751.376,-929.624,3456.609,2491.635,303.316,17041.9,3.6,905000,6897000,1055.2,5.083486,2.76,1.72,59.0,305.485,71.57818181818182,232.02,253.938,267.525,23.79,336679.0,302.072,352.892,72807.0,83589.0,241.02531846712043,236.86850367817917
2023-06-01,22539.418,15562.7,808.258,9751.376,-929.624,3456.609,2491.635,304.099,17050.3,3.6,1007000,7053000,1027.0,5.083486,2.76,1.72,64.2,308.443,70.24809523809525,235.74,253.425,271.036,23.89,336925.0,302.116,354.245,72732.0,83110.0,240.74196666181203,234.6116388375277
2023-07-01,22780.933,15631.6,890.678,9866.83,-938.924,3456.609,2521.467,304.615,17061.6,3.5,1174000,8902000,949.6,5.187931,2.94,1.72,71.5,310.36400000000003,76.0695,228.98,253.273,266.79,23.94,337200.0,302.757,354.862,72878.0,84722.0,240.7145004079179,238.7463295590962
2023-08-01,22780.933,15634.7,890.678,9866.83,-938.924,3456.609,2521.467,306.138,17085.8,3.7,980000,7235000,972.8,5.187931,2.94,1.72,69.4,311.732,81.38608695652174,222.013,254.485,272.667,23.99,337501.0,303.506,356.083,73463.0,82883.0,242.04793315453404,232.76314791776073
2023-09-01,22780.933,15673.7,890.678,9866.83,-938.924,3456.609,2521.467,307.374,17101.1,3.8,1095000,9001000,906.3,5.187931,2.94,1.72,67.8,312.584,89.425,217.925,255.774,273.579,24.08,337800.0,303.382,357.488,73448.0,79997.0,242.09742173233744,223.77534350803384
2023-10-01,22960.6,15706.1,874.983,9791.775,-936.699,3456.609,2559.591,307.653,17152.8,3.9,841000,7251000,941.0,5.526194,3.1,1.7,63.8,312.944,85.63952380952381,211.503,255.302,273.994,24.02,338088.0,304.339,358.824,73472.0,81092.0,241.41500103503003,225.99380197534165
2023-11-01,22960.6,15774.0,874.983,9791.775,-936.699,3456.609,2559.591,308.087,17229.4,3.7,872000,7215000,965.8,5.526194,3.1,1.7,61.3,312.184,77.685,217.533,252.883,273.022,24.07,338366.0,304.154,360.383,73656.0,77771.0,242.16679708305662,215.80096730422912
2023-12-01,22960.6,15864.0,874.983,9791.775,-936.699,3456.609,2559.591,308.735,17267.4,3.8,1037000,8980000,919.9,5.526194,3.1,1.7,69.7,310.997,71.9,212.946,253.713,269.781,24.22,338626.0,304.517,361.564,73465.0,85933.0,241.25089896458982,237.670232655906
2024-01-01,23053.545,15812.6,847.617,10018.987,-976.986,3640.014,2571.763,309.794,17426.2,3.7,840000,7101000,1173.5,5.445635,3.17,1.71,79.0,310.86,74.15238095238095,212.237,251.917,277.428,24.23,338867.0,305.421,363.249,73296.0,75848.0,239.98349818774741,208.80442891790477
2024-02-01,23053.545,15848.8,847.617,10018.987,-976.986,,2571.763,311.022,17442.4,3.9,843000,7165000,1146.2,5.445635,3.17,1.71,76.9,312.781,77.249,219.543,253.277,274.412,24.37,339114.0,305.58,363.596,73263.0,79515.0,239.75063813076773,218.69052464823596
2024-03-01,23053.545,15909.2,847.617,10018.987,-976.986,,2571.763,312.107,17486.9,3.9,1075000,8979000,1124.5,5.445635,3.17,1.71,79.4,316.965,81.27799999999999,223.099,255.445,279.014,24.34,339378.0,305.367,364.546,73617.0,87407.0,241.07713014176383,239.76946667910224
2024-04-01,23223.906,15908.3,943.344,10158.26,-1035.661,,2578.386,313.016,17464.9,3.9,841000,7126000,1098.1,5.385672,3.24,1.73,77.2,320.886,85.34727272727274,223.88,256.523,278.678,24.32,339648.0,305.298,365.813,74099.0,83956.0,242.71040098526686,229.5052390155626
2024-05-01,23223.906,15985.9,943.344,10158.26,-1035.661,,2578.386,313.14,17511.1,4.0,888000,7191000,1054.6,5.385672,3.24,1.73,69.1,323.814,80.02454545454545,227.229,257.218,282.273,24.44,339927.0,305.283,367.099,74024.0,89624.0,242.47665281067074,244.14122620873388
2024-06-01,23223.906,16007.7,943.344,10158.26,-1035.661,,2578.386,313.131,17515.6,4.1,1178000,9221000,1030.6,5.385672,3.24,1.73,68.2,325.362,79.76736842105262,226.603,259.031,281.629,24.43,340213.0,305.661,368.616,74138.0,87201.0,242.5497528307504,236.56325281593854
2024-07-01,23400.294,16077.1,938.835,10387.702,-1069.229,,2638.199,313.566,17505.0,4.2,946000,7469000,931.9,5.478743,3.2,1.74,66.4,325.677,81.80045454545454,223.722,260.379,275.162,24.45,340448.0,305.996,369.383,74892.0,87472.0,244.74829736336423,236.8057003164737
2024-08-01,23400.294,16088.6,938.835,10387.702,-1069.229,,2638.199,314.131,17494.6,4.2,1154000,9280000,904.3,5.478743,3.2,1.74,67.9,325.127,76.68318181818182,218.139,260.139,273.987,24.54,340637.0,306.239,370.348,74559.0,89063.0,243.46670411018846,240.48462527136638
2024-09-01,23400.294,16173.4,938.835,10387.702,-1069.229,,2638.199,314.851,17519.6,4.1,900000,7341000,830.7,5.478743,3.2,1.74,70.1,324.755,70.236,218.698,261.715,275.649,24.59,340825.0,307.201,371.604,75140.0,82318.0,244.5955579571681,221.52075865706504
2024-10-01,23542.349,16194.7,808.793,10475.498,-1052.658,,2637.171,315.564,17568.5,4.1,945000,7488000,870.6,5.512139,3.08,1.77,70.5,324.083,71.985,215.173,260.666,278.592,24.73,341002.0,307.798,372.486,75403.0,85793.0,244.97560088109734,230.32543504990792
2024-11-01,,16267.2,,,,,,316.449,17592.4,4.2,1097000,9400000,813.8,,,,71.8,323.784,69.95,230.808,262.171,278.045,24.93,341169.0,308.881,373.53,75235.0,83506.0,243.57276750593272,223.55901801729448
2024-12-01,,16357.7,,,,,,317.603,17605.8,4.1,889000,7443000,724.1,,,,74.0,323.328,70.11809523809524,233.953,262.051,276.134,24.86,341320.0,309.754,374.644,75998.0,86965.0,245.349535437799,232.12703259627807
2025-01-01,,16257.6,,,,,,319.086,17661.4,4.0,854000,7461000,946.5,,,,71.7,323.538,75.74249999999999,239.58,262.949,291.471,24.97,341454.0,311.178,375.532,76101.0,80594.0,244.55777722075467,214.61286920954805
2025-02-01,,16274.2,,,,,,319.775,17756.2,4.1,904000,7439000,1019.8,,,,64.7,,71.53315789473685,255.073,266.5,293.162,25.01,341588.0,311.203,376.991,76257.0,78855.0,245.0394115737959,209.16944966855974
2025-03-01,,,,,,,,319.615,,4.2,1116000,9316000,,,,,,,68.23904761904762,240.269,266.852,285.091,25.18,,312.713,378.363,76367.0,,244.20794786273675,
2025-04-01,,,,,,,,,,,662000,3719000,,,,,,,63.924285714285716,,,,,,,,,,,
